recno,Name,FHbeta,e_FHbeta,n_Ne-,Ne-,l_T[OIII],T[OIII],l_T[NII],T[NII],Copt,SimbadName,_RA,_DE
1,"SMP_SMC_1",,,*,5000.0, ,11100.0,:,11100.0,0.02,"SMP SMC 1   ",5.99433,-73.63444
2,"SMP_SMC_2",,, ,3000.0, ,16200.0,:,16200.0,0.01,"SMP SMC 2   ",8.16179,-71.69986
3,"SMP_SMC_3",871.0,5.0, ,21500.0, ,13600.0,:,13600.0,0.19,"SMP SMC 3   ",8.59137,-73.22264
4,"SMP_SMC_4",1259.0,3.0, ,6100.0, ,15700.0,:,15700.0,0.39,"SMP SMC 4   ",10.19254,-75.27244
5,"SMP_SMC_5",,, ,3200.0, ,14500.0,:,14500.0,0.0,"SMP SMC 5   ",10.34029,-72.75467
6,"SMP_SMC_6",1585.0,2.0, ,11400.0, ,14400.0, ,15600.0,0.64,"SMP SMC 6   ",10.36583,-73.78508
7,"SMP_SMC_7",,, ,1900.0, ,17900.0,:,17900.0,0.03,"SMP SMC 7   ",10.61867,-73.34831
8,"SMP_SMC_8",,,*,5000.0, ,13200.0,:,13200.0,0.26,"SMP SMC 8   ",10.85554,-72.63867
9,"SMP_SMC_9",372.0,5.0, ,2200.0, ,13700.0, ,13700.0,0.0,"SMP SMC 9   ",11.33704,-73.40253
10,"SMP_SMC_10",1175.0,1.0, ,1500.0, ,11300.0, ,11300.0,0.26,"SMP SMC 10  ",11.74862,-72.82111
11,"SMP_SMC_11",1349.0,8.0, ,800.0,*,12000.0,*,12000.0,0.82,"SMP SMC 11  ",12.1475,-72.96917
12,"SMP_SMC_12",355.0,11.0,*,5000.0, ,13200.0,:,13200.0,0.35,"SMP SMC 12  ",12.33775,-73.88294
13,"SMP_SMC_13",2754.0,1.0, ,10700.0, ,12400.0, ,12400.0,0.16,"SMP SMC 13  ",12.46533,-73.73936
14,"SMP_SMC_14",1000.0,2.0, ,1900.0, ,13700.0, ,13700.0,0.29,"SMP SMC 14  ",12.64608,-73.71608
15,"SMP_SMC_15",,,*,5000.0, ,12000.0, ,16200.0,0.04,"SMP SMC 15  ",12.78071,-73.96047
16,"SMP_SMC_16",,,*,5000.0, ,11800.0,:,11800.0,0.0,"SMP SMC 16  ",12.86312,-72.43658
17,"SMP_SMC_17",,,*,5000.0, ,14800.0,:,14800.0,0.0,"SMP SMC 17  ",12.98517,-71.41225
18,"SMP_SMC_18",,,*,5000.0, ,10700.0,:,10700.0,0.0,"SMP SMC 18  ",12.99292,-73.34217
19,"SMP_SMC_19",1175.0,3.0, ,2300.0,*,12000.0,*,12000.0,0.21,"SMP SMC 19  ",13.29646,-72.75211
20,"SMP_SMC_20",3802.0,1.0,*,5000.0, ,12900.0,:,12900.0,0.05,"SMP SMC 20  ",14.02233,-70.32383
21,"SMP_SMC_21",562.0,10.0, ,10200.0, ,24400.0, ,15700.0,0.39,"SMP SMC 21  ",14.12871,-72.45044
22,"SMP_SMC_22",1318.0,2.0, ,1700.0, ,24700.0, ,12200.0,0.43,"SMP SMC 22  ",14.65212,-71.59694
23,"SMP_SMC_23",871.0,3.0,*,5000.0, ,12800.0,:,12800.0,0.09,"SMP SMC 23  ",14.67642,-72.95
24,"SMP_SMC_24",,,*,5000.0, ,12700.0,:,12700.0,0.0,"SMP SMC 24  ",14.817,-72.03325
25,"SMP_SMC_25",631.0,6.0, ,9800.0,:,21100.0, ,21100.0,0.23,"SMP SMC 25  ",14.91883,-71.63753
26,"SMP_SMC_26",316.0,5.0, ,300.0, ,18000.0, ,11000.0,0.44,"SMP SMC 26  ",16.07475,-73.36425
27,"SMP_SMC_27",,,*,5000.0, ,13100.0,:,13100.0,0.0,"SMP SMC 27  ",20.29479,-73.243
28,"SMP_SMC_28",759.0,4.0, ,20700.0, ,19200.0, ,14600.0,0.19,"SMP SMC 28  ",21.04921,-74.04239
29,"SMP_SMC_32",,8.0,*,5000.0, ,14700.0,:,14700.0,0.0,"SMP SMC 32  ",13.42837,-73.61883
30,"SMP_SMC_34",302.0,8.0, ,500.0, ,13000.0, ,10000.0,0.03,"SMP SMC 34  ",18.04542,-71.44739
31,"MGPN_SMC_1",,,*,5000.0,*,12000.0,*,12000.0,0.19,"MGPN SMC 1  ",5.88667,-74.87528
32,"MGPN_SMC_10",,,*,5000.0,*,12000.0,*,12000.0,0.12,"MGPN SMC 10 ",16.21417,-73.08944
33,"MGPN_SMC_11",,,*,5000.0,*,12000.0,*,12000.0,0.0,"MGPN SMC 11 ",17.16625,-72.30194
34,"MGPN_SMC_12",200.0,4.0, ,1300.0, ,22100.0, ,12800.0,0.56,"MGPN SMC 12 ",18.59833,-71.08972
35,"MGPN_SMC_13",309.0,5.0, ,1000.0, ,18800.0,:,18800.0,0.28,"MGPN SMC 13 ",25.79375,-72.95056
36,"MGPN_SMC_2",,,*,5000.0,*,12000.0,*,12000.0,1.31,"MGPN SMC 2  ",7.0425,-72.97889
37,"MGPN_SMC_3",,,*,5000.0,*,12000.0,*,12000.0,0.0,"MGPN SMC 3  ",7.3375,-72.23528
38,"MGPN_SMC_5",,,*,5000.0,*,12000.0,*,12000.0,0.05,"MGPN SMC 5  ",10.36375,-75.04778
39,"MGPN_SMC_6",,,*,5000.0,*,12000.0,*,12000.0,0.26,"MGPN SMC 6  ",11.10667,-73.86083
40,"MGPN_SMC_7",195.0,10.0, ,200.0, ,15500.0,:,15500.0,0.98,"MGPN SMC 7  ",11.92708,-74.80417
41,"MGPN_SMC_8",,,*,5000.0,*,12000.0,*,12000.0,0.0,"MGPN SMC 8  ",14.08208,-72.11667
42,"MGPN_SMC_9",1585.0,4.0, ,4600.0, ,20900.0,:,20900.0,1.08,"MGPN SMC 9  ",14.67887,-72.45467
43,"[M95]_1",,,*,5000.0,*,12000.0,*,12000.0,0.0,"[M95] 1     ",2.18,-76.00278
44,"[M95]_2",,,*,5000.0,*,12000.0,*,12000.0,0.99,"[M95] 2     ",11.50958,-74.14361
45,"LHA_115-N_8",,,*,5000.0,*,12000.0,*,12000.0,0.0,"LHA 115-N 8 ",10.80583,-72.92028
46,"SMP_LMC_1",3467.0,1.0, ,2600.0, ,10800.0, ,9400.0,0.38,"SMP LMC 1   ",69.64492,-70.612
47,"SMP_LMC_2",,,*,5000.0, ,12100.0,:,12100.0,0.01,"SMP LMC 2   ",70.24833,-67.80278
48,"SMP_LMC_3",,, ,4000.0, ,14000.0,:,14000.0,0.06,"SMP LMC 3   ",70.59667,-66.22056
49,"SMP_LMC_4",302.0,6.0,*,5000.0, ,11800.0,:,11800.0,0.32,"SMP LMC 4   ",70.84167,-71.50333
50,"SMP_LMC_5",,,*,5000.0, ,13200.0,:,13200.0,0.09,"SMP LMC 5   ",72.03625,-67.43583
51,"SMP_LMC_6",,, ,11800.0, ,13300.0,:,13300.0,0.04,"SMP LMC 6   ",71.91262,-72.47172
52,"SMP_LMC_7",,, ,1000.0, ,19600.0,:,19600.0,0.0,"SMP LMC 7   ",72.12083,-69.14167
53,"SMP_LMC_8",,,*,5000.0, ,11100.0,:,11100.0,0.01,"SMP LMC 8   ",72.555,-69.56572
54,"SMP_LMC_9",,, ,3000.0, ,14800.0,:,14800.0,0.25,"SMP LMC 9   ",72.62083,-68.225
55,"SMP_LMC_10",,, ,2800.0, ,17900.0,:,17900.0,0.26,"SMP LMC 10  ",72.78917,-68.80167
56,"SMP_LMC_11",708.0,6.0, ,6200.0, ,29100.0, ,20800.0,1.06,"SMP LMC 11  ",72.90787,-67.08786
57,"SMP_LMC_13",1514.0,5.0,*,5000.0, ,13000.0,:,13000.0,0.0,"SMP LMC 13  ",75.00062,-70.46125
58,"SMP_LMC_14",,, ,300.0, ,21000.0,:,21000.0,0.02,"SMP LMC 14  ",75.085,-70.98139
59,"SMP_LMC_15",,, ,3800.0, ,14000.0,:,14000.0,0.08,"SMP LMC 15  ",75.22083,-70.22833
60,"SMP_LMC_16",501.0,8.0, ,600.0, ,19800.0, ,12000.0,0.68,"SMP LMC 16  ",75.50917,-69.81472
61,"SMP_LMC_17",,30.0, ,400.0,:,13500.0, ,13500.0,0.85,"SMP LMC 17  ",75.725,-69.35
62,"SMP_LMC_18",,,*,5000.0, ,16600.0,:,16600.0,0.2,"SMP LMC 18  ",75.94583,-70.11667
63,"SMP_LMC_19",,, ,2000.0, ,13900.0,:,13900.0,0.04,"SMP LMC 19  ",75.95417,-70.23333
64,"SMP_LMC_20",,, ,2200.0, ,19300.0, ,13400.0,0.02,"SMP LMC 20  ",76.16833,-69.36111
65,"SMP_LMC_21",,, ,2800.0, ,25200.0,:,25200.0,0.16,"SMP LMC 21  ",76.2175,-68.65231
66,"SMP_LMC_23",,,*,5000.0, ,11300.0,:,11300.0,0.02,"SMP LMC 23  ",76.53958,-67.75778
67,"SMP_LMC_24",,, ,800.0, ,12800.0,:,12800.0,0.01,"SMP LMC 24  ",76.57612,-68.99192
68,"SMP_LMC_25",,3.0, ,16600.0, ,13000.0, ,10900.0,0.51,"SMP LMC 25  ",76.59958,-69.05536
69,"SMP_LMC_26",,,*,5000.0,:,13600.0, ,13600.0,0.0,"SMP LMC 26  ",76.87821,-69.13528
70,"SMP_LMC_27",398.0,8.0,*,5000.0, ,11100.0,:,11100.0,0.12,"SMP LMC 27  ",76.97892,-66.96258
71,"SMP_LMC_29",,, ,4100.0, ,19800.0,:,19800.0,0.01,"SMP LMC 29  ",77.01825,-68.67058
72,"SMP_LMC_30",355.0,8.0, ,400.0, ,15700.0, ,12300.0,0.39,"SMP LMC 30  ",77.32917,-66.895
73,"SMP_LMC_31",,, ,6600.0, ,14000.0, ,16100.0,0.79,"SMP LMC 31  ",77.33408,-67.79039
74,"SMP_LMC_32",,, ,3900.0, ,16100.0,:,16100.0,0.09,"SMP LMC 32  ",77.40667,-70.82028
75,"SMP_LMC_33",1514.0,4.0, ,5600.0, ,13400.0, ,7800.0,0.63,"SMP LMC 33  ",77.55833,-68.50333
76,"SMP_LMC_35",,, ,1500.0, ,13500.0,:,13500.0,0.04,"SMP LMC 35  ",77.72917,-65.49
77,"SMP_LMC_36",,,*,5000.0, ,15500.0,:,15500.0,0.41,"SMP LMC 36  ",77.65833,-68.60333
78,"SMP_LMC_37",,, ,5900.0, ,14300.0, ,11000.0,0.03,"SMP LMC 37  ",77.78333,-67.79
79,"SMP_LMC_38",,, ,8800.0, ,13100.0,:,13100.0,0.02,"SMP LMC 38  ",77.85417,-70.02167
80,"SMP_LMC_40",562.0,10.0, ,800.0, ,13500.0, ,13500.0,0.16,"SMP LMC 40  ",78.06542,-66.3825
81,"SMP_LMC_41",,, ,1100.0, ,15400.0,:,15400.0,0.01,"SMP LMC 41  ",78.3625,-70.55944
82,"SMP_LMC_42",,, ,2500.0, ,15100.0,:,15100.0,0.05,"SMP LMC 42  ",78.94583,-68.70667
83,"SMP_LMC_44",257.0,2.0, ,900.0, ,16700.0, ,11300.0,0.13,"SMP LMC 44  ",79.6,-67.28333
84,"SMP_LMC_45",,, ,1000.0, ,16300.0,:,16300.0,0.14,"SMP LMC 45  ",79.8375,-66.97028
85,"SMP_LMC_46",,, ,3900.0, ,14900.0,:,14900.0,0.01,"SMP LMC 46  ",79.87083,-68.85306
86,"SMP_LMC_47",3162.0,1.0, ,4800.0, ,14700.0, ,13400.0,0.42,"SMP LMC 47  ",79.97796,-69.51792
87,"SMP_LMC_48",3715.0,2.0, ,1900.0, ,11300.0, ,8800.0,0.25,"SMP LMC 48  ",80.04025,-69.89414
88,"SMP_LMC_49",,4.0, ,1000.0, ,13300.0, ,21600.0,0.04,"SMP LMC 49  ",80.03891,-70.42726
89,"SMP_LMC_50",,, ,3600.0, ,13700.0,:,13700.0,0.0,"SMP LMC 50  ",80.2175,-67.09639
90,"SMP_LMC_51",,,*,5000.0, ,12000.0,:,12000.0,0.0,"SMP LMC 51  ",80.21896,-70.15972
91,"SMP_LMC_52",,, ,2900.0, ,12000.0,*,12000.0,0.02,"SMP LMC 52  ",80.35083,-68.59417
92,"SMP_LMC_53",2399.0,5.0, ,4800.0, ,14100.0, ,13400.0,0.37,"SMP LMC 53  ",80.3875,-67.005
93,"SMP_LMC_54",309.0,12.0, ,400.0, ,11700.0, ,11700.0,0.11,"SMP LMC 54  ",80.42812,-68.65753
94,"SMP_LMC_55",,,*,47400.0, ,12400.0, ,10100.0,0.02,"SMP LMC 55  ",80.67167,-71.31972
95,"SMP_LMC_56",,,*,5000.0, ,13100.0,:,13100.0,0.0,"SMP LMC 56  ",80.87983,-69.06789
96,"SMP_LMC_58",,,*,5000.0, ,12600.0,:,12600.0,0.0,"SMP LMC 58  ",81.08692,-70.08347
97,"SMP_LMC_59",,15.0, ,200.0, ,15000.0, ,12400.0,1.04,"SMP LMC 59  ",81.125,-70.35
98,"SMP_LMC_60",,,*,5000.0, ,16300.0,:,16300.0,0.0,"SMP LMC 60  ",81.06875,-70.9
99,"SMP_LMC_61",,, ,36200.0, ,11100.0, ,10200.0,0.03,"SMP LMC 61  ",81.1525,-73.67944
100,"SMP_LMC_62",,, ,3400.0, ,15900.0,:,15900.0,0.06,"SMP LMC 62  ",81.22933,-71.54872
