recno,[RP2006],st,c(Hb),n_c(Hb),FHb,e_FHb,F[OIII],e_F[OIII],n_F[OIII],_RA,_DE
1,1,L,0.56, ,1.46E-15,7.29E-17,2.52E-15,1.26E-16, ,85.15833,-70.92725
2,9,T,0.49, ,2.6E-15,1.3E-16,2.32E-14,1.16E-15, ,85.65204,-70.48314
3,18,T,0.28, ,7.11E-15,3.56E-16,1.39E-14,6.96E-16, ,87.47137,-70.14878
4,25,T,0.1, ,9.66E-16,8.21E-16,7.76E-15,3.88E-16, ,84.37267,-70.27583
5,26,T,0.21, ,3.39E-15,1.69E-16,1.72E-14,8.58E-16, ,84.28108,-70.33083
6,35,T,0.06, ,5.12E-15,2.56E-16,5.6E-15,2.8E-16, ,84.96137,-71.467
7,44,T,0.45, ,1.06E-14,5.32E-16,2.07E-14,1.04E-15, ,84.98517,-71.15628
8,46,P,0.29, ,2.64E-13,1.32E-14,3.52E-13,1.76E-14,a,84.96718,-71.15067
9,61,T,0.33, ,5.42E-15,2.71E-16,2.28E-14,1.14E-15, ,85.60921,-70.82789
10,62,T,0.51, ,1.74E-15,8.69E-17,1.01E-14,5.04E-16, ,86.09442,-70.67872
11,70,T,1.01, ,3.79E-16,3.79E-17,3.32E-15,1.66E-16, ,85.75896,-70.55894
12,72,L,0.09, ,5.3E-15,2.65E-16,3.05E-14,1.53E-15,a,85.35192,-71.00514
13,77,T,0.78, ,3.28E-16,3.28E-17,2.28E-15,1.14E-16, ,86.39229,-70.71775
14,85,L,0.84, ,7.68E-15,3.84E-16,1.64E-14,8.2E-16, ,85.13987,-70.54453
15,86,P,0.86, ,1.43E-15,7.16E-17,6.2E-15,3.1E-16, ,84.8435,-70.52333
16,87,L,0.32, ,7.24E-16,7.24E-17,9.28E-16,9.28E-17, ,84.54396,-70.54597
17,89,T,0.63, ,6.03E-15,3.02E-16,1.11E-14,5.54E-16, ,84.73504,-70.356
18,90,T,0.63, ,1.29E-15,6.46E-17,3.52E-15,1.76E-16, ,84.67021,-70.31706
19,93,T,0.56, ,2.32E-15,1.16E-16,1.57E-14,7.84E-16, ,85.509,-70.41658
20,95,P,0.72, ,2.08E-15,1.04E-16,7.02E-15,3.51E-16, ,85.30721,-70.39019
21,97,P,0.69, ,2.04E-15,1.02E-16,2.27E-15,1.13E-16, ,85.24062,-70.31056
22,99,T,0.43, ,3.45E-15,1.73E-16,4.26E-14,2.13E-15, ,86.59979,-70.43217
23,102,T,0.07, ,2.23E-15,1.12E-16,7.0E-15,3.5E-16, ,87.33442,-70.46939
24,103,T,0.55, ,5.08E-15,2.54E-16,2.06E-14,1.03E-15, ,86.75637,-70.47847
25,111,T,0.83, ,4.74E-15,2.37E-16,1.26E-14,6.28E-16, ,85.36467,-70.53553
26,116,L,0.53, ,3.03E-14,1.51E-15,8.84E-14,4.42E-15,a,84.55617,-70.61139
27,120,P,0.36, ,7.47E-15,3.74E-16,1.73E-14,8.67E-16, ,87.38162,-70.16275
28,122,T,0.15, ,1.31E-15,6.55E-17,4.29E-15,2.15E-16, ,86.86958,-70.33775
29,125,T,0.93, ,3.6E-16,3.6E-17,1.57E-15,1.34E-15, ,85.22296,-70.75228
30,127,L,0.43, ,3.26E-15,1.63E-16,7.8E-15,3.9E-16, ,85.33842,-71.00392
31,129,T,0.35, ,7.19E-15,3.6E-16,1.74E-14,8.72E-16, ,87.12133,-70.14625
32,130,P,0.26, ,4.82E-15,2.41E-16,7.93E-15,3.97E-16, ,87.08075,-70.08994
33,135,T,0.23, ,6.77E-15,3.38E-16,2.24E-14,1.12E-15, ,85.66179,-70.07733
34,142,T,0.48, ,4.62E-15,2.31E-16,7.49E-15,3.75E-16, ,84.89654,-70.10397
35,143,T,0.4, ,4.36E-15,2.18E-16,2.5E-14,1.25E-15, ,84.88021,-70.10428
36,144,T,0.76, ,1.13E-15,5.65E-17,8.83E-15,4.42E-16, ,84.6595,-70.22375
37,145,T,0.06, ,2.55E-15,1.28E-16,2.84E-15,1.42E-16, ,84.65129,-70.20697
38,147,T,0.51, ,6.09E-16,6.09E-17,3.59E-15,1.79E-16, ,84.372,-70.13081
39,162,T,0.34, ,3.67E-15,1.84E-16,1.21E-14,6.05E-16, ,85.82346,-69.94761
40,163,P,0.28, ,4.95E-15,2.47E-16,8.55E-15,4.28E-16, ,86.11962,-69.91211
41,171,T,0.13, ,3.73E-15,1.87E-16,1.47E-14,7.34E-16,a,87.74937,-69.97347
42,172,T,0.19, ,1.4E-15,6.98E-17,3.96E-15,1.98E-16, ,86.72121,-69.85928
43,178,T,0.24, ,6.36E-15,3.18E-16,2.31E-14,1.16E-15, ,85.11879,-69.91097
44,180,L,0.18, ,1.5E-15,7.49E-17,1.61E-15,8.04E-17, ,84.25446,-69.91019
45,182,L,0.09, ,1.99E-15,9.93E-17,2.26E-15,1.13E-16, ,84.77133,-69.84608
46,187,P,0.59, ,2.31E-15,1.15E-16,2.27E-14,1.13E-15, ,85.65025,-69.67322
47,188,P,0.41, ,2.11E-15,1.05E-16,3.3E-15,1.65E-16, ,85.63646,-69.67336
48,189,P,0.68, ,1.7E-15,8.52E-17,3.98E-15,1.99E-16, ,86.20021,-69.65014
49,194,T,0.53, ,2.57E-15,1.28E-16,9.78E-15,4.89E-16, ,86.58817,-69.59211
50,198,P,0.96, ,4.12E-15,2.06E-16,8.13E-15,4.07E-16,a,86.07962,-69.41169
51,202,T,0.39, ,2.83E-15,1.42E-16,1.75E-14,8.75E-16, ,86.08179,-69.20131
52,203,T,0.07, ,1.83E-15,9.17E-17,1.71E-14,8.53E-16, ,86.06271,-69.18056
53,207,L,0.28, ,2.17E-15,1.08E-16,3.37E-15,1.68E-16, ,86.56108,-68.89744
54,217,P,0.37, ,5.91E-15,2.96E-16,7.2E-15,3.6E-16, ,86.31254,-69.64369
55,219,P,0.49, ,9.0E-15,4.5E-16,1.49E-14,7.45E-16, ,84.76146,-69.58592
56,223,P,0.43, ,1.73E-14,8.66E-16,4.65E-14,2.32E-15, ,84.61179,-69.54767
57,227,P,0.37, ,2.27E-14,1.14E-15,3.65E-14,1.82E-15, ,84.44508,-69.53217
58,228,P,0.65, ,2.78E-15,1.39E-16,7.84E-15,3.92E-16, ,84.27771,-69.45258
59,231,L,0.44, ,1.12E-14,5.58E-16,2.74E-14,1.37E-15, ,84.20629,-69.39894
60,232,L,0.28, ,1.24E-14,6.19E-16,4.01E-14,2.0E-15, ,84.14675,-69.37464
61,234,P,0.22, ,1.15E-14,5.74E-16,4.75E-14,2.38E-15, ,84.1715,-69.36897
62,240,P,0.48, ,1.02E-14,5.08E-16,2.72E-14,1.36E-15, ,85.23108,-69.23608
63,241,P,0.49, ,8.6E-15,4.3E-16,2.93E-14,1.46E-15, ,85.08612,-69.21706
64,242,P,0.44, ,3.82E-14,1.91E-15,3.07E-14,1.54E-15, ,85.03583,-68.974
65,246,P,0.59, ,8.71E-15,4.36E-16,3.96E-14,1.98E-15, ,84.73862,-69.56586
66,247,P,0.62, ,9.85E-15,4.92E-16,1.8E-14,8.98E-16, ,84.70104,-69.56886
67,250,P,0.52, ,2.5E-14,1.25E-15,4.98E-14,2.49E-15, ,86.10571,-69.27858
68,251,P,0.52, ,1.43E-14,7.15E-16,1.22E-14,6.12E-16, ,86.0655,-69.28975
69,252,P,0.79,b,4.16E-15,2.08E-16,5.11E-15,2.56E-16, ,86.25067,-69.30533
70,254,P,0.47, ,9.39E-15,4.7E-16,1.8E-14,9.01E-16, ,85.90446,-69.33606
71,259,P,0.55, ,7.73E-15,3.86E-16,1.2E-14,5.98E-16, ,84.20262,-69.44572
72,261,P,0.54, ,3.32E-14,1.66E-15,3.04E-14,1.52E-15, ,86.492,-69.14942
73,263,P,0.55, ,9.27E-15,4.64E-16,1.42E-14,7.08E-16, ,86.29587,-69.17047
74,264,P,0.68, ,1.16E-14,5.8E-16,1.19E-14,5.96E-16, ,85.87621,-69.41292
75,265,T,0.12, ,1.36E-14,6.8E-16,4.39E-14,2.2E-15, ,84.25329,-69.35786
76,266,P,0.35, ,7.81E-14,3.9E-15,8.69E-14,4.35E-15, ,84.36625,-69.14864
77,268,P,0.0, ,3.39E-14,1.69E-15,7.75E-14,3.87E-15, ,84.87562,-68.98269
78,277,P,0.12, ,1.8E-15,9.02E-17,3.0E-15,1.5E-16, ,85.36129,-68.80042
79,283,P,1.0, ,3.31E-15,1.66E-16,6.4E-15,3.2E-16, ,84.45125,-68.66517
80,295,P,0.58, ,1.01E-14,5.07E-16,1.25E-14,6.23E-16, ,87.09275,-67.98144
81,296,P,0.59, ,1.25E-15,6.25E-17,1.6E-15,7.99E-17, ,84.26908,-68.24525
82,299,T,0.32, ,4.85E-15,2.42E-16,1.95E-14,9.73E-16, ,84.3245,-67.87611
83,303,P,1.14, ,7.7E-16,7.7E-17,1.79E-15,8.95E-17,a,84.01004,-67.75475
84,307,P,0.54, ,9.12E-15,4.56E-16,2.51E-14,1.26E-15, ,85.80171,-67.84817
85,312,L,0.32, ,7.22E-15,3.61E-16,2.57E-14,1.29E-15, ,84.08992,-68.92931
86,315,P,0.39, ,9.22E-15,4.61E-16,2.76E-14,1.38E-15, ,84.06179,-68.94094
87,326,P,0.71, ,4.39E-15,2.19E-16,9.02E-15,4.51E-16, ,83.87587,-67.63497
88,328,P,0.32, ,4.44E-16,4.44E-17,2.05E-15,1.03E-16, ,84.18546,-67.54975
89,331,P,0.44, ,1.02E-15,5.12E-17,2.28E-15,1.14E-16, ,84.23562,-67.56561
90,347,T,0.51, ,4.03E-15,2.01E-16,2.24E-14,1.12E-15, ,83.95829,-66.98489
91,359,T,0.58, ,8.3E-16,8.3E-17,5.02E-15,2.51E-16, ,86.13187,-67.53092
92,363,P,0.74, ,1.65E-16,1.65E-17,1.66E-15,8.29E-17, ,83.93458,-66.85614
93,366,T,0.02, ,1.16E-15,5.79E-17,2.0E-15,1.0E-16, ,84.30542,-67.57089
94,384,T,0.2, ,9.86E-16,8.38E-16,2.93E-15,1.46E-16, ,85.844,-67.13225
95,393,T,0.2, ,1.04E-15,5.2E-17,4.91E-15,2.46E-16,a,84.99067,-67.43261
96,394,T,0.07, ,1.0E-15,5.02E-17,1.13E-15,9.61E-16,a,84.44017,-67.19808
97,395,L,0.37, ,6.53E-16,6.53E-17,1.9E-15,9.48E-17, ,84.29454,-67.223
98,396,T,0.34, ,1.71E-15,8.57E-17,8.07E-15,4.03E-16, ,86.25683,-67.50944
99,397,T,0.16, ,8.81E-16,8.81E-17,8.64E-16,8.64E-17, ,85.47062,-70.47189
100,415,T,0.33, ,2.21E-14,1.1E-15,8.0E-14,4.0E-15, ,82.99154,-70.7795
101,427,T,0.31, ,1.61E-14,8.05E-16,4.16E-14,2.08E-15, ,82.54529,-70.77767
102,440,T,0.22, ,1.46E-14,7.28E-16,6.26E-14,3.13E-15,a,83.22846,-70.69622
103,441,T,0.4, ,1.33E-15,6.65E-17,9.6E-15,4.8E-16, ,83.17842,-70.64458
104,442,T,0.19, ,1.96E-14,9.78E-16,6.69E-14,3.34E-15, ,83.21396,-70.62139
105,445,L,0.57, ,1.47E-15,7.37E-17,2.33E-14,1.16E-15, ,82.83254,-70.90619
106,460,P,0.39, ,9.67E-16,8.22E-16,2.29E-15,1.15E-16, ,81.98808,-70.85878
107,463,P,0.76, ,1.74E-15,8.68E-17,3.82E-15,1.91E-16, ,82.0805,-70.88311
108,473,L,0.51, ,2.22E-15,1.11E-16,5.87E-15,2.94E-16,a,81.98521,-70.94183
109,474,P,0.22, ,2.14E-16,2.14E-17,1.08E-15,9.16E-16, ,81.98121,-70.94333
110,478,T,0.55, ,1.59E-15,7.96E-17,1.21E-14,6.05E-16, ,81.55383,-70.98206
111,491,T,0.56, ,9.74E-15,4.87E-16,5.3E-14,2.65E-15, ,84.04746,-71.28864
112,492,P,0.99, ,9.75E-15,4.88E-16,6.42E-14,3.21E-15,a,84.05233,-71.29017
113,492,P,, ,9.75E-15,4.88E-16,6.42E-14,3.21E-15, ,84.05233,-71.29017
114,493,T,0.84, ,2.56E-14,1.28E-15,6.65E-14,3.32E-15, ,84.29225,-71.38719
115,499,T,0.57, ,1.79E-15,8.96E-17,1.35E-14,6.76E-16, ,83.74767,-71.10189
116,506,P,0.28, ,1.42E-15,7.1E-17,3.52E-15,1.76E-16,a,82.93758,-71.16892
117,523,T,0.44, ,1.21E-15,6.07E-17,3.96E-15,1.98E-16, ,82.52154,-71.22997
118,524,L,0.21, ,5.07E-15,2.54E-16,1.38E-14,6.89E-16, ,82.92483,-71.22969
119,525,T,0.27, ,1.08E-15,5.4E-17,3.45E-15,1.72E-16, ,83.12362,-71.18383
120,530,T,0.35, ,1.11E-14,5.56E-16,1.15E-13,5.73E-15, ,83.95283,-71.10753
121,548,T,0.27, ,1.18E-14,5.91E-16,5.92E-14,2.96E-15, ,83.28646,-71.30092
122,553,P,0.4, ,1.99E-15,9.93E-17,2.68E-15,1.34E-16, ,81.00417,-70.67944
123,561,T,0.31, ,2.94E-15,1.47E-16,1.77E-14,8.85E-16, ,81.66379,-71.00767
124,565,P,, ,,,6.28E-15,3.14E-16,a,80.61021,-70.61858
125,577,T,0.39, ,1.4E-15,7.0E-17,1.96E-14,9.79E-16, ,84.13683,-70.49047
126,580,T,0.3, ,9.97E-16,8.48E-16,6.29E-15,3.14E-16, ,84.15954,-70.41819
127,589,T,0.38, ,1.76E-15,8.8E-17,1.2E-14,5.98E-16, ,81.65658,-70.48531
128,590,T,0.43, ,7.9E-15,3.95E-16,2.81E-14,1.4E-15, ,80.599,-70.56564
129,594,T,0.44, ,9.88E-15,4.94E-16,3.66E-14,1.83E-15, ,81.79596,-70.43981
130,603,T,0.71, ,1.85E-14,9.27E-16,1.62E-13,8.09E-15, ,83.37342,-71.41417
131,604,T,0.08, ,1.74E-15,8.68E-17,6.9E-15,3.45E-16, ,83.36721,-71.41408
132,607,T,0.29, ,4.44E-15,2.22E-16,1.85E-14,9.26E-16, ,82.01367,-70.711
133,613,P,0.58, ,1.46E-15,7.31E-17,4.27E-15,2.14E-16, ,85.35096,-71.0085
134,614,T,1.02, ,1.61E-16,1.61E-17,6.84E-16,6.84E-17, ,85.526,-70.50725
135,615,T,0.62, ,2.01E-14,1.0E-15,6.09E-14,3.05E-15, ,86.33154,-71.26853
136,618,P,0.83, ,1.53E-15,7.64E-17,1.56E-15,9.88E-16, ,84.92762,-71.17889
137,619,T,0.2, ,1.47E-15,7.36E-17,2.71E-15,1.36E-16, ,85.47462,-71.07086
138,620,T,0.62, ,1.12E-15,5.58E-17,4.2E-15,2.1E-16, ,86.47196,-70.92111
139,621,P,0.39, ,2.37E-15,1.18E-16,2.38E-15,1.19E-16, ,85.94579,-70.96781
140,622,T,0.33, ,4.75E-15,2.38E-16,3.85E-14,1.93E-15, ,85.58767,-70.95225
141,624,T,0.41, ,6.56E-16,6.56E-17,1.53E-15,1.3E-15, ,84.89775,-70.79081
142,637,T,0.45, ,2.31E-15,1.16E-16,6.46E-15,3.23E-16, ,86.15529,-69.32986
143,645,P,0.69, ,1.56E-13,7.82E-15,6.18E-14,3.09E-15, ,81.89861,-69.14898
144,666,T,0.41, ,1.41E-14,7.03E-16,6.33E-14,3.16E-15, ,82.67954,-70.25428
145,671,T,0.7, ,1.08E-15,5.41E-17,1.24E-14,6.18E-16, ,81.547,-70.26822
146,676,T,0.2, ,1.47E-15,7.35E-17,3.5E-15,1.75E-16, ,80.84033,-70.21806
147,678,T,0.28, ,2.87E-15,1.43E-16,1.22E-14,6.11E-16, ,81.20712,-70.17636
148,679,T,0.18, ,7.45E-15,3.73E-16,1.37E-14,6.87E-16, ,81.60954,-70.13475
149,680,T,0.37, ,1.25E-14,6.27E-16,4.5E-14,2.25E-15,a,81.60821,-70.13169
150,681,T,0.23, ,5.32E-15,2.66E-16,1.67E-14,8.34E-16,a,82.44525,-70.12644
151,682,P,1.06, ,6.06E-16,6.06E-17,1.76E-15,8.79E-17, ,83.17117,-70.16433
152,683,P,0.31, ,5.32E-15,2.66E-16,4.13E-15,2.06E-16, ,84.15029,-70.11814
153,686,T,0.49, ,3.02E-15,1.51E-16,3.43E-14,1.72E-15, ,80.66221,-70.07222
154,687,T,0.23, ,5.45E-15,2.72E-16,3.38E-14,1.69E-15, ,81.83829,-70.04331
155,691,T,0.56, ,1.12E-15,5.62E-17,1.29E-14,6.43E-16,a,83.85812,-69.9895
156,692,T,0.44, ,4.74E-15,2.37E-16,3.31E-14,1.66E-15, ,82.31083,-69.97492
157,693,L,0.68, ,1.85E-15,9.24E-17,3.85E-15,1.92E-16, ,81.83517,-70.00664
158,695,T,0.03, ,4.73E-15,2.37E-16,3.16E-14,1.58E-15,a,82.18375,-69.90617
159,700,T,0.37, ,3.77E-15,1.88E-16,3.24E-15,1.62E-16, ,82.873,-69.84519
160,701,T,0.19, ,1.34E-14,6.69E-16,1.64E-14,8.19E-16, ,82.73925,-69.81686
161,711,P,0.21, ,1.44E-15,7.21E-17,5.73E-15,2.87E-16, ,80.8865,-69.97542
162,714,T,0.33, ,4.97E-15,2.49E-16,3.5E-14,1.75E-15, ,80.5885,-70.00386
163,717,T,0.37, ,2.74E-15,1.37E-16,4.78E-15,2.39E-16, ,80.57887,-69.82925
164,719,P,2.13, ,1.53E-15,7.63E-17,4.23E-15,2.11E-16,a,80.55062,-69.83278
165,721,T,0.63, ,3.24E-15,1.62E-16,4.06E-14,2.03E-15, ,80.79717,-69.82475
166,722,T,1.15,b,5.33E-16,5.33E-17,6.01E-15,3.0E-16, ,81.30912,-69.83039
167,723,T,0.36, ,1.1E-14,5.49E-16,7.01E-14,3.5E-15, ,81.26942,-69.80925
168,727,L,0.82,b,3.1E-15,1.55E-16,3.82E-15,1.91E-16, ,81.43608,-69.88903
169,732,T,0.79, ,2.62E-15,1.31E-16,3.1E-14,1.55E-15, ,82.03875,-69.84228
170,733,T,0.97,b,5.76E-16,5.76E-17,4.12E-15,2.06E-16, ,82.12817,-69.804
171,735,T,0.06, ,7.87E-15,3.93E-16,2.85E-14,1.42E-15, ,82.27108,-69.78261
172,736,T,0.41, ,9.51E-15,4.75E-16,3.38E-14,1.69E-15, ,82.39125,-69.75861
173,737,L,0.96, ,3.19E-15,1.59E-16,1.12E-14,5.62E-16, ,82.30771,-69.74111
174,748,T,0.02, ,1.79E-14,8.95E-16,5.19E-14,2.59E-15, ,82.94654,-69.76161
175,753,P,0.58, ,8.46E-14,4.23E-15,1.31E-13,6.55E-15, ,80.5534,-69.72472
176,756,P,0.94, ,1.02E-14,5.09E-16,4.83E-14,2.41E-15,a,80.46246,-69.72619
177,757,T,0.52, ,3.0E-15,1.5E-16,1.96E-14,9.79E-16, ,80.68308,-69.64114
178,758,T,0.03, ,3.93E-14,1.96E-15,5.68E-14,2.84E-15, ,80.44812,-69.721
179,764,T,0.5, ,5.06E-15,2.53E-16,2.77E-14,1.38E-15, ,81.56812,-69.63386
180,771,T,0.31, ,4.09E-15,2.04E-16,1.2E-14,5.99E-16, ,82.53875,-69.57933
181,774,P,0.58, ,2.13E-14,1.06E-15,2.96E-14,1.48E-15, ,83.16547,-69.51375
182,775,P,0.9, ,2.91E-15,1.45E-16,1.51E-14,7.54E-16, ,83.185,-69.50153
183,776,T,0.66, ,7.46E-15,3.73E-16,1.24E-14,6.19E-16, ,83.16343,-69.53168
184,777,P,0.29, ,3.61E-14,1.81E-15,2.75E-14,1.38E-15, ,81.07796,-69.46844
185,789,T,0.71, ,2.27E-15,1.13E-16,3.13E-14,1.56E-15, ,83.14717,-69.42853
186,790,L,0.4, ,7.63E-15,3.81E-16,5.52E-14,2.76E-15, ,83.14004,-69.41556
187,791,L,0.37, ,3.4E-15,1.7E-16,1.16E-14,5.82E-16, ,83.28175,-69.49614
188,793,T,0.29, ,3.64E-15,1.82E-16,9.39E-15,4.69E-16, ,83.67258,-69.44186
189,803,T,0.23, ,5.53E-15,2.76E-16,5.98E-14,2.99E-15, ,81.04121,-69.33
190,806,T,0.31, ,8.48E-16,8.48E-17,1.02E-15,8.67E-16, ,80.97037,-69.386
191,815,T,0.26, ,9.23E-15,4.61E-16,3.02E-14,1.51E-15, ,81.07721,-69.30372
192,828,P,0.73, ,1.24E-14,6.22E-16,1.83E-14,9.16E-16, ,83.41779,-69.21425
193,850,T,0.84, ,8.85E-16,8.85E-17,3.28E-15,1.64E-16, ,80.47079,-69.17875
194,856,P,0.4, ,1.42E-14,7.09E-16,2.12E-14,1.06E-15, ,81.16204,-69.07044
195,857,L,0.23, ,4.58E-15,2.29E-16,1.4E-14,7.01E-16, ,81.13687,-69.00186
196,865,T,0.48, ,2.22E-15,1.11E-16,1.84E-14,9.21E-16, ,82.55467,-69.01389
197,875,T,0.55, ,2.2E-15,1.1E-16,1.87E-14,9.35E-16, ,81.04217,-69.63661
198,883,P,1.22, ,2.09E-14,1.04E-15,3.54E-14,1.77E-15, ,83.98704,-69.0125
199,885,T,0.42, ,1.19E-14,5.93E-16,5.86E-14,2.93E-15, ,81.05675,-69.78992
200,887,P,1.05, ,1.64E-15,8.21E-17,6.5E-15,3.25E-16, ,82.34329,-69.00328
201,889,T,0.34, ,3.33E-14,1.67E-15,1.49E-13,7.45E-15, ,80.77937,-69.66792
202,896,T,0.28, ,1.61E-14,8.03E-16,1.02E-13,5.11E-15, ,82.89321,-68.87936
203,900,T,0.5, ,2.63E-16,2.63E-17,1.36E-15,1.16E-15, ,80.49512,-68.98269
204,903,T,0.29, ,1.12E-14,5.6E-16,5.33E-14,2.67E-15, ,81.42208,-68.79628
205,907,T,0.25, ,2.35E-14,1.18E-15,7.77E-14,3.89E-15, ,83.70004,-68.80978
206,908,L,0.8, ,1.34E-15,6.7E-17,1.84E-15,9.18E-17, ,83.34646,-68.65939
207,913,P,0.29, ,1.15E-14,5.75E-16,1.03E-14,5.17E-16, ,83.05208,-68.65683
208,916,T,0.53, ,1.31E-14,6.53E-16,3.34E-14,1.67E-15, ,82.7478,-68.59482
209,917,T,0.25, ,1.8E-14,9.0E-16,9.28E-14,4.64E-15, ,82.68333,-68.64822
210,919,T,0.4, ,1.38E-15,6.89E-17,3.61E-15,1.81E-16, ,81.65471,-68.67622
211,926,T,0.45, ,8.1E-15,4.05E-16,3.19E-14,1.59E-15, ,80.71992,-68.63478
212,931,P,0.75, ,1.04E-15,5.22E-17,3.92E-16,3.92E-17, ,82.8065,-68.46172
213,932,P,0.35, ,3.14E-15,1.57E-16,5.56E-15,2.78E-16, ,83.11992,-68.42542
214,945,T,0.57, ,3.96E-16,3.96E-17,1.18E-15,1.01E-15, ,81.00033,-68.45872
215,958,L,0.24, ,5.12E-16,5.12E-17,1.0E-15,8.51E-16, ,81.86879,-68.34764
216,972,T,0.42, ,5.79E-15,2.89E-16,2.56E-14,1.28E-15, ,81.69971,-67.84331
217,977,P,0.81, ,1.09E-14,5.47E-16,1.19E-14,5.97E-16, ,83.21754,-67.68578
218,979,T,0.52, ,2.0E-14,1.0E-15,8.47E-14,4.24E-15, ,80.66237,-67.91919
219,980,T,0.38, ,2.05E-13,1.03E-14,9.1E-13,4.55E-14, ,80.57737,-68.04408
220,992,P,0.43, ,9.96E-14,4.98E-15,5.83E-14,2.91E-15, ,82.83733,-68.52611
221,1006,T,0.35, ,3.24E-15,1.62E-16,2.84E-14,1.42E-15, ,83.21829,-70.32639
222,1012,T,0.8, ,1.57E-14,7.86E-16,5.25E-14,2.62E-15, ,82.59487,-70.98014
223,1018,P,0.57, ,2.48E-15,1.24E-16,4.46E-15,2.23E-16, ,85.22946,-68.66511
224,1024,T,0.47, ,1.82E-15,9.09E-17,4.1E-15,2.05E-16, ,84.81871,-68.591
225,1037,T,0.47, ,4.44E-15,2.22E-16,1.6E-14,8.01E-16, ,84.35525,-69.79994
226,1038,T,0.19, ,2.3E-15,1.15E-16,6.72E-15,3.36E-16, ,86.52883,-70.08264
227,1040,T,0.38, ,1.97E-15,9.86E-17,1.52E-14,7.61E-16, ,84.33771,-70.069
228,1045,L,0.04, ,2.96E-16,2.96E-17,1.45E-15,1.23E-15,a,,
229,1046,T,0.35, ,3.53E-16,3.53E-17,1.45E-15,1.24E-15, ,85.52696,-66.95292
230,1065,P,0.49, ,5.79E-15,2.89E-16,1.67E-14,8.37E-16,a,82.96833,-67.35081
231,1066,L,0.28, ,4.69E-15,2.35E-16,1.16E-14,5.8E-16,a,82.95771,-67.35206
232,1067,T,0.43, ,1.3E-15,6.48E-17,4.27E-15,2.14E-16, ,82.95046,-67.35231
233,1068,T,0.67, ,6.98E-16,6.98E-17,2.73E-15,1.37E-16, ,82.92946,-67.359
234,1069,P,0.42, ,3.39E-14,1.69E-15,6.9E-14,3.45E-15,a,82.93212,-67.35806
235,1071,P,, ,2.58E-13,1.29E-14,8.94E-15,4.47E-16,a,82.73062,-67.33497
236,1072,T,0.26, ,3.26E-15,1.63E-16,2.23E-14,1.12E-15, ,82.05171,-67.15972
237,1078,T,0.36, ,3.06E-15,1.53E-16,4.11E-14,2.06E-15, ,81.08887,-67.08789
238,1080,T,0.44, ,2.75E-15,1.37E-16,1.14E-14,5.7E-16, ,82.19646,-66.91125
239,1081,T,0.39, ,2.8E-15,1.4E-16,1.94E-14,9.72E-16, ,81.62037,-66.93931
240,1084,T,0.56, ,3.51E-16,3.51E-17,1.45E-15,1.23E-15, ,83.28637,-66.80175
241,1088,T,0.03, ,4.44E-17,6.67E-18,4.89E-16,4.89E-17, ,82.44167,-66.69175
242,1089,T,1.21, ,3.9E-15,1.95E-16,3.6E-14,1.8E-15,a,82.41229,-66.70483
243,1090,T,0.48, ,5.92E-16,5.92E-17,7.84E-15,3.92E-16, ,82.408,-66.70469
244,1092,T,0.34, ,9.76E-15,4.88E-16,1.99E-14,9.93E-16, ,80.57492,-66.73081
245,1093,L,0.45, ,1.17E-15,5.85E-17,1.84E-15,9.19E-17, ,80.633,-66.77267
246,1095,T,0.44, ,3.41E-16,3.41E-17,3.38E-15,1.69E-16, ,81.0185,-66.58414
247,1106,L,0.55, ,1.17E-14,5.83E-16,9.36E-14,4.68E-15, ,83.38796,-67.41503
248,1148,T,0.23, ,3.88E-15,7.63E-17,4.0E-15,1.3E-15, ,79.7555,-71.25989
249,1168,T,0.31, ,7.22E-15,3.61E-16,4.4E-14,2.2E-15, ,78.55075,-70.92592
250,1179,T,0.19, ,1.59E-15,7.94E-17,4.07E-15,2.03E-16, ,76.85612,-70.81258
251,1183,T,0.42, ,3.62E-15,1.81E-16,2.73E-14,1.37E-15, ,80.38796,-70.76342
252,1184,T,0.4, ,5.86E-16,5.86E-17,2.85E-15,1.43E-16, ,79.88054,-70.73097
253,1185,L,1.07, ,1.26E-15,6.3E-17,1.17E-14,5.84E-16,a,79.44996,-70.68847
254,1186,T,0.0, ,1.27E-15,6.36E-17,1.19E-14,5.93E-16, ,79.44404,-70.68881
255,1188,T,0.32, ,7.7E-15,3.85E-16,4.68E-14,2.34E-15, ,77.52583,-70.72642
256,1189,T,0.38, ,3.0E-15,1.5E-16,9.72E-15,4.86E-16, ,76.59354,-70.69872
257,1190,T,0.36, ,4.54E-15,2.27E-16,3.25E-14,1.63E-15, ,77.74933,-70.62942
258,1191,T,0.22, ,3.19E-14,7.64E-16,1.81E-13,7.44E-15, ,78.51942,-70.63103
259,1196,T,0.06, ,1.19E-14,2.11E-16,4.15E-14,1.08E-15, ,79.81812,-70.54375
260,1197,T,0.23, ,1.39E-14,1.06E-16,8.43E-14,1.04E-15, ,80.04162,-70.53989
261,1201,L,1.56, ,2.81E-16,8.48E-17,2.95E-15,3.17E-16,a,79.75204,-70.46231
262,1207,T,0.74, ,5.77E-16,5.77E-17,7.76E-15,3.88E-16, ,79.60242,-70.36183
263,1208,T,0.44, ,9.76E-15,1.62E-16,2.45E-14,5.42E-16, ,76.95996,-70.28486
264,1233,L,0.4, ,9.28E-16,7.89E-16,1.14E-14,5.72E-16, ,80.23346,-70.08703
265,1240,T,0.32, ,2.79E-15,1.39E-16,1.14E-14,5.72E-16, ,79.16121,-70.2365
266,1241,L,0.15, ,2.07E-14,4.35E-16,2.78E-14,6.39E-16, ,78.50875,-70.259
267,1242,P,, ,7.11E-17,1.07E-17,3.26E-16,3.26E-17, ,77.44125,-70.20953
268,1245,P,, ,7.76E-16,7.76E-17,4.04E-15,2.02E-16, ,80.32708,-70.165
269,1246,T,0.55, ,6.23E-15,3.11E-16,2.99E-14,1.5E-15, ,80.30987,-70.12936
270,1259,T,0.05, ,2.67E-15,1.33E-16,5.89E-15,2.94E-16, ,79.59942,-70.02578
271,1267,T,0.28, ,1.9E-15,9.5E-17,2.19E-14,1.09E-15, ,77.61675,-69.92378
272,1270,T,0.02, ,3.92E-15,1.96E-16,2.12E-14,1.06E-15, ,80.07342,-69.90214
273,1281,P,0.56, ,9.46E-16,8.04E-16,1.33E-15,1.13E-15, ,78.21096,-69.69786
274,1284,T,0.27, ,2.91E-15,1.45E-16,1.72E-14,8.62E-16, ,76.93479,-69.55733
275,1288,T,0.51, ,3.14E-15,1.57E-16,2.53E-14,1.27E-15, ,78.75754,-69.53869
276,1289,T,0.36, ,6.2E-15,3.1E-16,4.78E-14,2.39E-15, ,77.94192,-69.51117
277,1296,T,0.1, ,3.24E-15,1.62E-16,5.9E-15,2.95E-16, ,77.36304,-69.39758
278,1300,P,0.88, ,1.22E-14,6.09E-16,1.26E-13,6.32E-15, ,77.11504,-69.42397
279,1303,T,0.23, ,1.83E-15,9.13E-17,1.23E-14,6.13E-16, ,77.19833,-69.37008
280,1304,T,0.33, ,3.05E-15,1.52E-16,3.71E-14,1.85E-15, ,77.3155,-69.36214
281,1308,T,0.45, ,3.01E-15,1.5E-16,9.06E-15,4.53E-16, ,78.12492,-69.23403
282,1309,T,0.29, ,1.5E-15,7.5E-17,9.82E-15,4.91E-16, ,77.28679,-69.21261
283,1310,T,0.62, ,8.65E-16,8.65E-17,5.44E-15,2.72E-16, ,77.02887,-69.14844
284,1314,T,0.28, ,9.99E-16,8.49E-16,5.69E-15,2.84E-16, ,77.45287,-69.07442
285,1315,T,0.54, ,1.03E-15,5.14E-17,5.76E-15,2.88E-16, ,77.93629,-69.08903
286,1317,T,0.72, ,3.41E-16,3.41E-17,1.77E-15,8.86E-17, ,78.13604,-69.08133
287,1323,T,0.38, ,1.02E-15,5.1E-17,2.02E-15,1.01E-16, ,77.16896,-68.97294
288,1324,T,0.48, ,2.12E-15,1.06E-16,1.45E-14,7.25E-16, ,77.21992,-69.00303
289,1336,T,0.51, ,4.31E-15,2.15E-16,1.31E-14,6.55E-16, ,78.91437,-69.22561
290,1337,T,0.54, ,6.86E-15,3.43E-16,2.08E-14,1.04E-15, ,79.22771,-69.31258
291,1338,T,0.32, ,1.5E-14,7.49E-16,4.24E-14,2.12E-15, ,79.73121,-69.59978
292,1341,P,0.4, ,1.27E-15,6.35E-17,3.0E-15,1.5E-16, ,80.04937,-69.6745
293,1345,T,0.4, ,9.79E-15,4.89E-16,2.75E-14,1.37E-15, ,78.38146,-69.50697
294,1352,T,0.57, ,1.96E-14,9.82E-16,7.06E-14,3.53E-15, ,80.25304,-69.81914
295,1353,T,0.26, ,2.18E-15,1.09E-16,7.48E-15,3.74E-16, ,80.24833,-69.79717
296,1354,T,0.58, ,7.24E-16,7.24E-17,3.02E-15,1.51E-16, ,80.219,-69.83394
297,1357,T,0.73, ,1.66E-15,8.29E-17,1.81E-14,9.07E-16, ,80.30987,-69.60594
298,1358,T,0.43, ,5.09E-15,2.54E-16,4.25E-14,2.12E-15, ,80.20554,-69.57031
299,1371,T,0.58, ,1.1E-14,5.5E-16,4.66E-14,2.33E-15, ,79.99179,-69.77314
300,1375,P,0.42, ,1.14E-14,5.68E-16,2.11E-14,1.05E-15, ,79.56287,-69.27283
301,1376,T,0.47, ,4.93E-15,2.47E-16,2.93E-14,1.46E-15, ,79.26917,-69.01422
302,1378,T,0.7, ,4.84E-15,2.42E-16,1.3E-14,6.52E-16, ,79.04596,-69.34347
303,1387,T,0.41, ,7.93E-15,3.97E-16,6.31E-14,3.16E-15, ,78.70512,-69.31906
304,1397,P,0.38, ,1.41E-13,7.07E-15,1.82E-13,9.08E-15, ,77.33425,-67.79028
305,1415,T,0.47, ,1.44E-15,7.2E-17,8.34E-15,4.17E-16, ,79.1755,-68.92833
306,1416,T,0.33, ,2.24E-15,1.12E-16,1.56E-14,7.78E-16, ,78.26808,-68.97014
307,1418,T,0.26, ,1.21E-15,6.07E-17,5.74E-15,2.87E-16, ,77.86133,-68.95431
308,1426,T,0.36, ,4.21E-15,2.1E-16,1.6E-14,8.01E-16, ,77.26246,-68.85097
309,1429,T,0.26, ,3.38E-15,1.69E-16,2.65E-14,1.33E-15, ,79.82758,-68.81983
310,1431,L,0.46, ,1.08E-15,5.42E-17,3.19E-15,1.6E-16, ,80.149,-68.81694
311,1432,T,0.3, ,9.18E-16,7.81E-16,2.24E-15,1.12E-16, ,80.31417,-68.80653
312,1438,T,0.66, ,3.56E-15,1.78E-16,3.6E-14,1.8E-15, ,79.32187,-68.78058
313,1440,T,0.57, ,1.28E-15,6.4E-17,1.48E-14,7.42E-16, ,78.98208,-68.75058
314,1443,T,0.39, ,5.36E-15,2.68E-16,1.13E-14,5.63E-16,a,77.59867,-68.77167
315,1444,T,0.43, ,6.36E-15,3.18E-16,4.37E-14,2.18E-15, ,77.31521,-68.73283
316,1446,T,0.7, ,2.55E-15,1.28E-16,2.77E-14,1.39E-15, ,77.54196,-68.71564
317,1447,T,0.01, ,1.58E-15,7.9E-17,5.86E-15,2.93E-16, ,78.35358,-68.72103
318,1456,T,0.28, ,3.99E-15,1.99E-16,2.44E-14,1.22E-15, ,77.46458,-68.61889
319,1462,T,0.44, ,2.26E-15,1.13E-16,9.24E-15,4.62E-16, ,78.17287,-68.55906
320,1463,T,0.23, ,3.88E-15,1.94E-16,1.27E-14,6.33E-16, ,78.59679,-68.58233
321,1465,T,0.8,b,8.08E-16,8.08E-17,4.46E-15,2.23E-16, ,78.77146,-68.61544
322,1466,P,0.5, ,2.76E-14,1.38E-15,3.46E-14,1.73E-15, ,80.14445,-68.58836
323,1467,T,0.74, ,6.31E-16,6.31E-17,2.17E-15,1.09E-16, ,80.08354,-68.57253
324,1474,T,0.01, ,6.3E-16,6.3E-17,5.52E-15,2.76E-16, ,77.9375,-68.51917
325,1488,T,0.39, ,7.67E-16,7.67E-17,5.34E-15,2.67E-16, ,78.48775,-68.41875
326,1502,T,0.37, ,1.81E-14,9.03E-16,9.16E-15,1.58E-16, ,77.89833,-68.29083
327,1508,L,0.1, ,2.95E-15,1.47E-16,2.32E-14,1.16E-15, ,79.22046,-68.16719
328,1519,T,0.71, ,1.6E-16,1.6E-17,1.31E-15,1.11E-15, ,78.95746,-68.07939
329,1523,T,0.44, ,3.89E-15,1.94E-16,2.14E-14,1.07E-15, ,77.9545,-67.9895
330,1528,T,0.66, ,8.42E-15,4.21E-16,8.23E-14,4.12E-15, ,79.69642,-67.96103
331,1532,T,0.48, ,1.25E-14,6.27E-16,8.01E-14,4.0E-15, ,77.18617,-67.89797
332,1550,T,0.26, ,2.23E-14,1.11E-15,8.59E-14,4.29E-15, ,77.20708,-68.73489
333,1559,P,0.32, ,1.11E-15,5.57E-17,2.1E-15,1.05E-16, ,77.29662,-67.56714
334,1579,T,0.37, ,2.39E-15,1.2E-16,1.14E-14,5.69E-16, ,79.86425,-67.09561
335,1580,T,0.88, ,3.49E-15,1.75E-16,1.04E-14,5.22E-16, ,80.42421,-66.992
336,1584,T,0.86,b,1.63E-15,8.16E-17,8.21E-15,4.11E-16, ,79.65504,-66.94592
337,1587,T,0.34, ,7.41E-15,3.7E-16,7.02E-14,3.51E-15, ,78.06987,-66.82697
338,1595,T,0.12, ,6.71E-15,3.36E-16,8.2E-15,4.1E-16, ,79.81746,-66.66692
339,1601,P,0.86, ,8.78E-15,4.39E-16,1.18E-14,5.92E-16, ,78.47487,-67.33811
340,1615,P,0.27, ,8.66E-15,4.33E-16,1.31E-14,6.57E-16, ,76.06412,-71.12139
341,1624,T,0.28, ,5.98E-15,8.53E-17,1.53E-14,2.91E-16, ,76.37958,-71.03503
342,1631,T,0.06, ,3.37E-15,1.69E-16,7.62E-15,3.81E-16, ,75.14358,-70.86669
343,1634,P,0.91, ,4.96E-15,6.67E-17,1.5E-14,2.84E-16, ,76.10079,-70.78861
344,1636,T,0.33, ,5.62E-15,2.81E-16,4.41E-14,2.2E-15, ,73.47383,-70.74875
345,1638,T,0.19, ,2.14E-15,1.07E-16,1.12E-14,5.58E-16,a,75.39725,-70.74461
346,1649,P,0.43, ,6.95E-16,6.95E-17,1.26E-15,1.07E-15, ,76.46504,-70.57878
347,1659,T,0.31, ,9.27E-16,7.88E-16,5.78E-15,2.89E-16, ,73.69504,-70.314
348,1660,T,0.3, ,4.39E-15,2.19E-16,3.24E-14,1.62E-15, ,75.723,-70.30225
349,1664,L,0.46, ,9.42E-16,8.01E-16,2.49E-15,1.25E-16, ,75.32512,-70.21433
350,1676,T,0.33, ,1.24E-14,6.2E-16,5.08E-14,2.54E-15, ,76.22796,-70.71925
351,1694,T,0.44, ,1.74E-15,8.72E-17,1.44E-14,7.22E-16, ,73.89475,-70.03897
352,1695,T,0.36, ,5.18E-15,2.59E-16,4.09E-14,2.04E-15, ,73.14154,-70.01214
353,1696,T,0.41, ,1.86E-15,9.3E-17,1.46E-14,7.29E-16, ,76.19525,-69.91894
354,1697,T,0.5, ,7.12E-16,7.12E-17,3.57E-15,1.78E-16, ,75.10887,-69.93533
355,1705,T,0.37, ,1.5E-15,7.48E-17,5.24E-15,2.62E-16, ,75.89658,-69.70042
356,1709,T,0.4, ,1.93E-15,9.65E-17,1.92E-15,9.62E-17, ,73.72133,-69.6055
357,1712,P,0.5, ,1.04E-15,5.21E-17,1.56E-15,1.33E-15, ,74.46483,-69.55919
358,1714,T,0.46, ,5.19E-15,2.6E-16,3.25E-14,1.63E-15, ,73.51483,-69.55578
359,1718,T,0.09, ,5.87E-16,5.87E-17,9.08E-16,9.08E-17, ,76.17296,-69.49042
360,1719,T,0.52, ,8.48E-16,8.48E-17,1.44E-14,7.2E-16, ,76.50154,-69.47503
361,1720,T,0.48, ,2.95E-15,1.47E-16,2.07E-14,1.04E-15, ,76.07983,-69.43008
362,1721,T,0.56, ,5.11E-16,5.11E-17,3.47E-15,1.73E-16, ,75.45146,-69.40367
363,1725,T,0.31, ,3.03E-15,1.51E-16,2.05E-14,1.03E-15, ,74.89192,-69.37839
364,1726,T,0.29, ,1.34E-15,6.69E-17,1.35E-14,6.74E-16, ,76.1515,-69.38467
365,1727,T,0.23, ,5.73E-15,2.86E-16,1.91E-14,9.53E-16, ,76.13358,-69.32469
366,1731,T,0.3, ,1.85E-15,9.25E-17,8.28E-15,4.14E-16, ,74.1935,-69.3245
367,1739,T,0.47, ,1.3E-15,6.5E-17,6.85E-15,3.42E-16, ,76.77583,-69.22494
368,1740,T,0.27, ,5.66E-15,2.83E-16,1.8E-14,9.0E-16, ,74.47525,-69.23933
369,1742,T,0.21, ,6.06E-16,6.06E-17,1.95E-15,9.77E-17, ,75.19821,-69.18944
370,1743,T,0.36, ,4.58E-15,2.29E-16,2.99E-14,1.49E-15, ,75.5155,-69.16264
371,1748,T,0.3, ,4.04E-15,2.02E-16,2.7E-14,1.35E-15, ,73.76325,-69.53614
372,1749,T,0.17, ,9.26E-16,7.87E-16,7.58E-16,7.58E-17, ,75.66846,-69.07319
373,1753,T,0.33, ,8.82E-16,8.82E-17,2.04E-14,1.02E-15, ,76.57937,-69.03317
374,1756,T,0.37, ,7.37E-16,7.37E-17,3.08E-15,1.54E-16, ,73.80467,-69.00542
375,1758,T,0.33, ,5.66E-15,2.83E-16,2.39E-14,1.2E-15, ,73.43783,-69.96631
376,1759,T,0.34, ,4.31E-15,2.16E-16,1.45E-14,7.26E-16, ,76.71546,-68.95444
377,1771,T,0.58, ,3.74E-15,1.87E-16,1.26E-14,6.31E-16, ,75.79704,-70.12914
378,1773,T,0.54, ,5.88E-15,2.94E-16,1.46E-14,7.31E-16, ,76.14612,-70.10525
379,1791,T,0.49, ,1.06E-14,5.29E-16,2.09E-14,1.04E-15, ,75.56721,-69.06753
380,1796,P,0.84, ,3.16E-15,1.58E-16,2.29E-15,1.14E-16, ,75.94017,-69.06156
381,1803,T,0.31, ,1.52E-15,7.62E-17,5.37E-15,2.69E-16, ,74.7325,-68.88378
382,1805,T,0.43, ,1.88E-15,9.38E-17,7.51E-15,3.76E-16, ,74.73062,-68.84339
383,1807,T,0.21, ,1.67E-15,8.35E-17,4.68E-15,2.34E-16, ,74.62171,-68.86956
384,1808,L,0.11, ,3.39E-15,1.69E-16,8.74E-15,4.37E-16,a,74.62617,-68.87078
385,1811,P,0.99, ,8.59E-16,8.59E-17,1.59E-15,1.35E-15, ,76.7545,-68.78319
386,1813,T,0.19, ,9.21E-16,7.83E-16,7.1E-15,3.55E-16, ,75.21721,-68.78811
387,1819,T,0.6, ,2.02E-15,1.01E-16,1.86E-14,9.28E-16, ,76.2945,-68.71908
388,1822,L,0.43, ,9.77E-15,4.88E-16,2.57E-14,1.28E-15, ,76.65879,-68.74469
389,1823,T,0.42, ,8.4E-16,8.4E-17,5.68E-15,2.84E-16, ,76.61062,-68.74178
390,1835,T,0.27, ,5.7E-15,2.85E-16,3.44E-14,1.72E-15, ,76.68504,-68.63714
391,1848,T,0.41, ,1.57E-14,7.87E-16,4.59E-14,2.29E-15, ,76.89629,-68.47575
392,1853,T,0.51, ,3.71E-15,1.86E-16,1.46E-14,7.32E-16, ,75.62792,-68.48008
393,1862,L,0.62, ,7.34E-16,7.34E-17,3.52E-15,1.76E-16, ,76.94621,-68.31656
394,1864,T,0.31, ,1.35E-14,6.74E-16,2.24E-14,1.12E-15, ,75.28442,-68.22678
395,1868,T,0.38, ,4.2E-15,2.1E-16,5.91E-14,2.96E-15, ,75.24271,-68.13008
396,1872,T,0.42, ,1.25E-14,6.25E-16,1.01E-13,5.03E-15,a,74.61812,-67.94617
397,1876,T,0.25, ,2.22E-15,1.11E-16,4.2E-15,2.1E-16, ,74.747,-67.87822
398,1878,T,0.51, ,6.07E-15,3.04E-16,3.01E-14,1.5E-15, ,76.14267,-67.87272
399,1886,T,0.07, ,1.68E-15,8.42E-17,1.25E-14,6.26E-16, ,76.08796,-67.63583
400,1900,T,0.28, ,8.13E-15,4.06E-16,1.8E-14,8.98E-16, ,75.51933,-67.56211
401,1904,T,0.11, ,5.6E-15,2.8E-16,5.32E-14,2.66E-15, ,74.90887,-67.30119
402,1921,T,0.48, ,4.69E-15,2.35E-16,1.75E-14,8.74E-16, ,74.38837,-66.88292
403,1922,T,0.42, ,2.38E-15,1.19E-16,1.92E-14,9.6E-16, ,74.36692,-66.89658
404,1930,P,0.09, ,3.26E-16,3.26E-17,1.1E-15,9.36E-16, ,74.83558,-66.76658
405,1934,T,0.31, ,5.2E-15,2.6E-16,1.53E-14,7.66E-16, ,75.94042,-66.65433
406,1938,T,0.18, ,1.1E-14,5.52E-16,5.18E-14,2.59E-15, ,75.426,-66.59897
407,1954,T,1.17, ,8.78E-16,8.78E-17,4.82E-15,2.41E-16, ,86.30221,-70.98486
408,1955,T,0.46, ,5.08E-15,2.54E-16,2.04E-14,1.02E-15, ,86.63596,-70.92611
409,1956,T,0.78, ,2.14E-15,1.07E-16,4.44E-14,2.22E-15, ,86.66408,-70.94725
410,1957,T,0.32, ,4.82E-15,2.41E-16,1.34E-14,6.68E-16, ,87.51804,-70.6765
411,1958,P,0.73, ,3.72E-16,3.72E-17,1.17E-15,9.93E-16, ,85.91162,-70.56714
412,1962,P,0.06, ,4.96E-14,2.48E-15,2.0E-14,1.0E-15, ,84.56867,-70.70089
413,2193,P,0.34, ,1.32E-14,6.59E-16,1.42E-14,7.11E-16, ,82.49008,-70.967
