Name,Umag,Bmag,n_Bmag,Vmag,Imag,Jmag,n_Jmag,Hmag,n_Hmag,Kmag,n_Kmag,[3_6],n_[3_6],[4_5],n_[4_5],[5_8],n_[5_8],[8_0],n_[8_0],[24],n_[24],SimbadName,_RA,_DE
"MG 74",,, ,,,17.666," *",, ,, ,, ,, ,, ,, ,, ,"MGPN LMC74   ",85.22875,-74.68833
"SMP 79",,, ,,,15.888,"  ",15.518, ,14.473, ,, ,, ,, ,, ,, ,"SMP LMC 79   ",83.53604,-74.33531
"SMP 81",,, ,,,15.99," *",16.032, ,15.292, ,, ,, ,, ,, ,, ,"SMP LMC 81   ",83.83683,-73.92508
"RP4673",,, ,,,,"  ",, ,, ,17.207, ,17.066, ,, ,, ,, ,"[RP2006] 4673",82.42904,-72.91558
"MG 61",,, ,,,,"  ",, ,, ,17.34, ,16.514, ,, ,13.89, ,8.755, ,"MGPN LMC61   ",83.30583,-72.61306
"SMP 94",,17.27, ,,,14.493," *",12.765, ,11.407, ,, ,, ,, ,, ,, ,"SMP LMC 94   ",88.53971,-73.04281
"RP4041",,, ,,,,"  ",, ,, ,17.527, ,16.898, ,, ,, ,, ,"[RP2006] 4041",86.50042,-72.49194
"MG 84",17.933,19.389, ,18.619,19.502,,"  ",, ,, ,, ,, ,, ,, ,, ,"MGPN LMC84   ",88.67292,-72.3925
"RP4034",19.713,20.379, ,20.388,21.114,,"  ",, ,, ,18.414, ,16.988, ,, ,14.233, ,, ,"[RP2006] 4034",86.37179,-72.31208
"SMP 87",,16.6, ,16.61,17.775,17.003," *",16.904, ,16.239, ,15.149, ,14.16, ,13.239, ,11.226, ,6.081, ,"SMP LMC 87   ",85.283,-72.70233
"SMP 74",15.961,16.327, ,15.199,17.082,16.226,"* ",16.129, ,15.14, ,13.216, ,12.556, ,11.018, ,8.995, ,5.06, ,"SMP LMC 74   ",83.37421,-71.87469
"RP4029",21.281,19.925, ,20.709,20.645,20.18,"  ",, ,, ,, ,, ,, ,, ,, ,"[RP2006] 4029",86.12683,-71.60106
"RP1951",20.933,21.332, ,20.125,19.384,,"  ",18.55, ,, ,, ,, ,, ,, ,, ,"[RP2006] 1951",84.77892,-71.32875
"SMP 84",15.999,16.611, ,15.729,17.066,16.41," *",16.241, ,15.386, ,14.065, ,13.329, ,12.65, ,10.865, ,6.158, ,"SMP LMC 84   ",84.22054,-71.89394
"MG 67",18.455,19.615, ,18.873,19.854,20.04,"  ",19.04, ,, ,17.496, ,16.58, ,14.58, ,9.14, ,, ,"MGPN LMC67   ",84.40875,-71.69417
"MG 63",,19.581, ,18.569,17.547,16.661," *",16.151, ,16.013, ,15.446, ,15.637, ,, ,, ,, ,"MGPN LMC63   ",83.54333,-71.72083
"RP603",,21.749, ,19.955,,,"  ",, ,, ,, ,, ,, ,, ,, ,"[RP2006] 603 ",83.37342,-71.41417
"RP604",,, ,,,19.82,"  ",, ,, ,, ,, ,, ,, ,, ,"[RP2006] 604 ",83.36721,-71.41408
"RP493",16.679,17.463, ,17.505,17.675,17.59,"  ",16.87, ,15.81, ,13.787, ,13.028, ,12.412, ,11.325, ,7.708, ,"[RP2006] 493 ",84.29217,-71.38725
"RP492",15.897,15.925, ,15.327,14.657,14.22,"  ",13.88, ,13.8, ,13.713, ,13.689, ,13.725, ,, ,, ,"[RP2006] 492 ",84.05233,-71.29017
"RP491",18.07,18.599, ,16.782,14.75,13.42,"  ",12.53, ,12.29, ,11.976, ,12.095, ,11.978, ,11.954, ,, ,"[RP2006] 491 ",84.04746,-71.28864
"RP548",16.704,17.671, ,17.685,18.084,17.86,"  ",17.57, ,16.8, ,14.869, ,14.179, ,13.535, ,11.705, ,8.437, ,"[RP2006] 548 ",83.28646,-71.30092
"RP525",,, ,,,19.25,"  ",, ,, ,, ,, ,, ,, ,, ,"[RP2006] 525 ",83.12362,-71.18383
"RP499",18.039,18.539, ,18.432,18.7,19.0,"  ",, ,, ,, ,, ,, ,, ,, ,"[RP2006] 499 ",83.74767,-71.10189
"SMP 61",,, ,,,15.711," *",15.54, ,14.71, ,, ,12.13, ,, ,8.13, ,4.58, ,"SMP LMC 61   ",81.14983,-73.67783
"SMP 70",,, ,,,,"  ",, ,, ,16.199, ,15.153, ,14.089, ,12.913, ,8.04, ,"SMP LMC 70   ",82.36071,-72.64533
"Mo 25",,, ,,,,"  ",, ,, ,17.086, ,16.287, ,15.148, ,13.595, ,, ,"[M94b] 25    ",81.50958,-72.51778
"RP3353",20.007,19.911, ,19.833,19.871,,"  ",, ,, ,, ,, ,, ,, ,, ,"[RP2006] 3353",79.40579,-71.99811
"RP3343",,21.137, ,20.339,20.238,19.7,"  ",, ,, ,, ,, ,, ,, ,, ,"[RP2006] 3343",79.15492,-71.88075
"MG 25",18.727,20.13, ,19.245,21.524,18.75,"  ",18.06, ,, ,17.46, ,16.83, ,, ,, ,, ,"MGPN LMC25   ",78.07333,-71.91333
"RP3334",,, ,,,,"  ",, ,, ,18.078, ,16.894, ,, ,, ,, ,"[RP2006] 3334",78.62342,-71.62903
"RP3601",19.6,19.775, ,18.821,17.775,17.177," *",16.68, ,, ,16.347, ,16.119, ,, ,, ,, ,"[RP2006] 3601",82.23204,-72.29467
"RP3449",20.625,21.26, ,21.125,20.053,20.05,"  ",, ,, ,, ,, ,, ,, ,, ,"[RP2006] 3449",81.17154,-72.02917
"SMP 62",14.822,15.319, ,14.24,15.698,16.86,"  ",16.48, ,16.32, ,13.761, ,12.567, ,11.916, ,9.829, ,3.55, ,"SMP LMC 62   ",81.2295,-71.54894
"RP3576",,20.909, ,20.642,,18.89,"  ",, ,, ,, ,, ,, ,, ,, ,"[RP2006] 3576",81.73258,-71.46553
"RP3533",,21.507, ,21.33,,19.33,"  ",, ,, ,, ,, ,, ,, ,, ,"[RP2006] 3533",81.59983,-71.46406
"RP3543",,21.154, ,21.0,,20.01,"  ",, ,, ,17.201, ,16.901, ,, ,, ,, ,"[RP2006] 3543",81.65067,-71.45017
"SMP 55",15.861,16.949, ,16.625,16.6,15.9,"  ",15.52, ,14.41, ,12.524, ,11.776, ,10.466, ,8.633, ,4.135, ,"SMP LMC 55   ",80.67075,-71.31856
"RP1148",,, ,,,19.09,"  ",, ,, ,, ,, ,, ,, ,, ,"[RP2006] 1148",79.7555,-71.25989
"MG 55",18.229,18.687, ,17.548,21.032,18.96,"  ",, ,, ,17.048, ,15.73, ,, ,14.87, ,8.53, ,"MGPN LMC55   ",82.78792,-71.61167
"Sa 121",18.054,19.755, ,18.683,20.09,19.34,"  ",, ,, ,17.675, ,17.256, ,, ,, ,, ,"SMP LMC 121  ",82.60946,-71.23
"RP523",,, ,,,,"  ",, ,, ,17.81, ,17.15, ,, ,, ,, ,"[RP2006] 523 ",82.52154,-71.22997
"SMP 65",17.133,17.79, ,17.265,18.057,17.46,"  ",17.22, ,16.23, ,14.449, ,13.851, ,13.19, ,11.383, ,7.381, ,"SMP LMC 65   ",81.93242,-71.43236
"RP561",20.235,21.262, ,20.67,,16.549," *",16.142, ,, ,, ,16.138, ,, ,, ,, ,"[RP2006] 561 ",81.66379,-71.00767
"RP478",,17.296, ,17.601,17.567,17.7,"  ",17.5, ,17.13, ,16.298, ,16.191, ,, ,, ,, ,"[RP2006] 478 ",81.55383,-70.98206
"RP524",,20.197, ,18.541,16.103,14.78,"  ",14.24, ,14.09, ,13.644, ,13.592, ,13.588, ,13.532, ,, ,"[RP2006] 524 ",82.92483,-71.22969
"RP445",,21.464, ,19.782,17.167,15.7,"  ",15.18, ,14.88, ,14.556, ,14.451, ,14.449, ,14.375, ,, ,"[RP2006] 445 ",82.83254,-70.90619
"SMP 72",18.987,18.234, ,16.669,15.469,14.45,"  ",13.76, ,13.57, ,13.462, ,13.443, ,13.396, ,13.158, ,7.766, ,"SMP LMC 72   ",82.69112,-70.83789
"RP1012",,20.038, ,19.857,19.972,19.59,"  ",, ,, ,, ,, ,, ,, ,, ,"[RP2006] 1012",82.59487,-70.98014
"RP474",,21.316, ,21.123,20.527,19.85,"  ",, ,, ,, ,, ,, ,, ,, ,"[RP2006] 474 ",81.98121,-70.94333
"RP607",19.629,20.534, ,19.848,,19.83,"  ",, ,, ,, ,, ,, ,, ,, ,"[RP2006] 607 ",82.01367,-70.711
"MG 43",,20.651, ,19.866,,19.7,"  ",, ,, ,, ,16.46, ,, ,14.13, ,8.41, ,"MGPN LMC43   ",81.14287,-71.22767
"Mo 24",18.594,19.927, ,19.012,20.094,18.22,"  ",17.68, ,17.45, ,16.921, ,15.995, ,14.802, ,12.892, ,9.21, ,"[M94b] 24    ",80.72167,-71.09464
"SMP 60",19.247,18.424, ,17.591,19.43,19.06,"  ",18.42, ,, ,14.98,c,13.521, ,12.835, ,11.061, ,6.563, ,"SMP LMC 60   ",81.06517,-70.89886
"RP1183",,, ,,,,"  ",, ,17.6, ,, ,, ,, ,, ,, ,"[RP2006] 1183",80.38796,-70.76342
"RP1184",,21.421, ,21.172,20.587,,"  ",, ,, ,, ,, ,, ,, ,, ,"[RP2006] 1184",79.88054,-70.73097
"RP1196",19.675,19.564, ,18.714,18.165,17.38,"  ",16.98, ,16.61, ,16.482, ,16.158, ,14.644, ,, ,, ,"[RP2006] 1196",79.81812,-70.54375
"RP565",19.93,19.428, ,19.43,18.448,17.87,"  ",17.44, ,, ,16.422, ,16.005, ,14.981, ,13.241, ,, ,"[RP2006] 565 ",80.61021,-70.61858
"RP590",20.386,20.201, ,19.24,18.296,17.67,"  ",17.12, ,16.8, ,, ,, ,, ,, ,, ,"[RP2006] 590 ",80.599,-70.56564
"RP1197",,20.476, ,19.928,20.48,,"  ",, ,, ,, ,, ,, ,, ,, ,"[RP2006] 1197",80.04162,-70.53989
"SMP 49",16.673,17.542, ,17.912,18.689,18.0,"  ",18.13, ,, ,16.215, ,15.364, ,15.83, ,13.776, ,7.942, ,"SMP LMC 49   ",80.03892,-70.42725
"Mo 20",19.173,20.456, ,19.74,18.624,18.47,"  ",17.95, ,17.56, ,16.543, ,15.832, ,, ,, ,, ,"[M94b] 20    ",77.79533,-71.174
"RP1168",,21.487, ,20.42,20.637,19.38,"  ",, ,, ,16.409, ,16.266, ,, ,, ,, ,"[RP2006] 1168",78.55075,-70.92592
"MG 30",18.911,19.273, ,18.729,19.764,17.79,"* ",17.48, ,17.21, ,16.258, ,15.264, ,14.556, ,12.744, ,7.13, ,"MGPN LMC30   ",78.56121,-70.84208
"SMP 32",16.185,16.677, ,15.609,17.424,16.95,"  ",16.97, ,16.25, ,14.656, ,13.652, ,12.795, ,11.093, ,5.498, ,"SMP LMC 32   ",77.40512,-70.819
"RP1179",19.71,19.573, ,19.538,19.197,19.56,"  ",, ,, ,, ,, ,, ,, ,, ,"[RP2006] 1179",76.85612,-70.81258
"RP1189",19.16,19.022, ,18.898,18.77,18.56,"  ",, ,, ,16.691, ,16.863, ,, ,, ,, ,"[RP2006] 1189",76.59354,-70.69872
"RP1649",,, ,,,14.889,"* ",14.477, ,14.051, ,13.608, ,13.591, ,13.452, ,13.391, ,, ,"[RP2006] 1649",76.46504,-70.57878
"RP1190",,20.181, ,20.07,20.353,19.95,"  ",, ,, ,17.122, ,16.936, ,, ,, ,, ,"[RP2006] 1190",77.74933,-70.62942
"RP1208",19.337,19.603, ,19.428,19.624,,"  ",, ,, ,, ,, ,, ,, ,, ,"[RP2006] 1208",76.95996,-70.28486
"RP1186",,20.514, ,19.67,18.507,17.54,"  ",17.01, ,17.02, ,16.745, ,16.814, ,, ,, ,, ,"[RP2006] 1186",79.44404,-70.68881
"RP1185",,22.711, ,21.197,20.965,,"  ",, ,, ,, ,, ,, ,, ,, ,"[RP2006] 1185",79.44996,-70.68847
"RP1191",18.329,18.242, ,17.541,17.216,16.72,"  ",16.3, ,16.07, ,15.182, ,14.926, ,13.987, ,12.691, ,, ,"[RP2006] 1191",78.51942,-70.63103
"SMP 41",17.263,17.248, ,17.026,18.874,17.56,"  ",16.99, ,16.87, ,15.655, ,14.854, ,, ,13.52,c,7.132, ,"SMP LMC 41   ",78.36387,-70.55964
"RP1241",19.763,21.176, ,20.716,20.651,,"  ",, ,, ,17.605, ,17.142, ,, ,, ,, ,"[RP2006] 1241",78.50875,-70.259
"RP1201",21.288,21.354, ,19.979,19.289,18.11,"  ",17.66, ,17.17, ,17.523, ,17.223, ,, ,, ,, ,"[RP2006] 1201",79.75204,-70.46231
"RP1240",21.19,21.327, ,20.868,20.192,19.25,"  ",18.65, ,, ,16.981, ,16.77, ,14.395, ,, ,, ,"[RP2006] 1240",79.16121,-70.2365
"Mo 19",17.732,18.7, ,18.02,19.183,19.07,"  ",, ,, ,16.969, ,16.449, ,, ,13.754, ,8.69, ,"[M94b] 19    ",77.75192,-70.08467
"RP1242",,21.334, ,20.261,19.763,19.2,"  ",18.47, ,, ,, ,, ,, ,, ,, ,"[RP2006] 1242",77.44125,-70.20953
"SMP 38",15.971,16.222, ,15.008,16.678,15.96,"  ",15.67, ,14.52, ,12.293, ,11.801, ,9.779, ,7.749, ,4.33, ,"SMP LMC 38   ",77.84871,-70.03261
"RP1267",20.604,20.057, ,18.775,17.924,17.05,"  ",16.48, ,16.38, ,16.1, ,16.336, ,, ,, ,, ,"[RP2006] 1267",77.61675,-69.92378
"SMP 6",,, ,,,16.206," *",15.808, ,14.85, ,, ,, ,, ,, ,, ,"SMP LMC 6    ",71.91242,-72.47242
"SMP 4",18.12,18.37, ,17.22,19.54,,"  ",18.61, ,17.38, ,, ,, ,, ,, ,, ,"SMP LMC 4    ",70.84117,-71.50247
"RP2708",17.069,17.913, ,17.948,18.08,18.089," *",17.303, ,16.478, ,15.171, ,14.219, ,13.633, ,12.059, ,, ,"[RP2006] 2708",72.94829,-71.55103
"SMP 14",18.103,19.574, ,18.107,19.887,,"  ",, ,, ,17.05, ,16.131, ,, ,13.826, ,8.743, ,"SMP LMC 14   ",75.08675,-70.98081
"RP1631",20.466,21.345, ,21.156,20.966,16.033,"* ",14.948, ,13.143, ,10.458, ,9.709, ,9.022, ,8.277, ,6.311, ,"[RP2006] 1631",75.14417,-70.86678
"RP1636",21.081,20.759, ,20.421,21.023,,"  ",, ,, ,, ,, ,, ,, ,, ,"[RP2006] 1636",73.47383,-70.74875
"RP1659",,21.975, ,21.539,,,"  ",, ,, ,, ,, ,, ,, ,, ,"[RP2006] 1659",73.69504,-70.314
"SMP 1",15.735,16.086, ,15.05,16.538,15.428," *",15.242, ,14.096, ,12.345, ,11.519, ,10.113, ,8.238, ,3.99, ,"SMP LMC 1    ",69.64492,-70.61206
"Mo 6",19.257,20.724, ,19.417,20.761,,"  ",, ,, ,17.27, ,16.299, ,15.34, ,13.53, ,9.262, ,"[M94b] 6     ",71.63708,-70.2125
"MG 4",19.404,20.057, ,19.424,,,"  ",, ,, ,16.981, ,16.56, ,15.152, ,13.898, ,, ,"MGPN LMC4    ",73.1885,-70.29697
"Mo 9",18.607,19.051, ,18.938,19.023,17.07,"  ",14.54, ,12.52, ,10.22, ,9.44, ,8.86, ,8.03, ,5.84, ,"[M94b] 9     ",73.04662,-70.21244
"RP1634",21.292,20.76, ,20.754,19.181,,"  ",18.57, ,, ,14.918, ,14.053, ,12.842, ,11.423, ,, ,"[RP2006] 1634",76.10079,-70.78861
"SMP 13",16.692,16.809, ,15.662,17.75,17.105," *",16.788, ,15.574, ,13.83, ,13.04, ,11.76, ,9.76, ,5.82, ,"SMP LMC 13   ",75.0,-70.46133
"Mo 14",19.483,20.874, ,19.591,20.167,,"  ",, ,, ,, ,, ,, ,, ,, ,"[M94b] 14    ",75.40208,-70.44219
"SMP 15",15.884,16.215, ,15.09,16.914,16.29,"  ",16.16, ,15.12, ,12.989, ,12.341, ,10.65, ,8.662, ,4.76, ,"SMP LMC 15   ",75.21962,-70.22808
"SMP 19",16.009,16.732, ,15.621,17.329,16.843," *",16.802, ,16.076, ,14.058, ,13.446, ,11.676, ,10.246, ,5.333, ,"SMP LMC 19   ",75.92183,-70.23156
"SMP 18",16.706,17.433, ,16.77,17.557,17.63,"  ",17.82, ,17.21, ,15.37, ,14.78, ,13.93, ,12.38, ,7.75, ,"SMP LMC 18   ",75.92762,-70.11319
"RP1773",18.509,18.868, ,18.853,17.697,17.65,"* ",17.55, ,17.14, ,14.685, ,14.466, ,11.94, ,10.057, ,6.897, ,"[RP2006] 1773",76.14612,-70.10525
"RP1660",,21.509, ,20.589,,19.67,"  ",, ,, ,17.662, ,16.936, ,, ,, ,, ,"[RP2006] 1660",75.723,-70.30225
"RP1664",14.95,15.863, ,15.834,15.618,15.657," *",15.549, ,15.36, ,14.809, ,14.538, ,14.219, ,13.856, ,, ,"[RP2006] 1664",75.32512,-70.21433
"RP1771",16.361,17.348, ,17.359,17.378,17.29,"  ",16.47, ,15.72, ,14.108, ,13.72, ,13.281, ,12.899, ,8.409, ,"[RP2006] 1771",75.79704,-70.12914
"Mo 11",19.151,20.136, ,19.193,20.077,19.26,"* ",, ,, ,16.937, ,16.087, ,14.553, ,13.083, ,, ,"[M94b] 11    ",74.51346,-70.41911
"RP1697",19.552,19.633, ,19.308,19.266,19.21,"  ",, ,, ,, ,, ,, ,, ,, ,"[RP2006] 1697",75.10887,-69.93533
"Mo 13",19.076,20.878, ,19.506,,19.79,"  ",, ,, ,, ,, ,, ,, ,, ,"[M94b] 13    ",74.78779,-69.84189
"Mo 16",,, ,,,,"  ",, ,, ,, ,14.93, ,14.19, ,13.16, ,, ,"[M94b] 16    ",76.56221,-69.80686
"SMP 16",16.646,17.927, ,16.623,18.121,18.09,"  ",18.03, ,16.94, ,15.62, ,14.8, ,14.2, ,12.41, ,7.18, ,"SMP LMC 16   ",75.50825,-69.81489
"RP1284",,, ,,,19.25,"  ",18.57, ,, ,, ,, ,, ,, ,, ,"[RP2006] 1284",76.93479,-69.55733
"RP1300",,, ,,,17.87,"  ",17.38, ,17.2, ,, ,, ,, ,, ,, ,"[RP2006] 1300",77.11504,-69.42397
"RP1718",,, ,,,16.291,"  ",15.554, ,15.288, ,, ,, ,, ,, ,, ,"[RP2006] 1718",76.17296,-69.49042
"RP1720",,18.989, ,18.186,17.43,17.08,"  ",16.53, ,16.57, ,16.079, ,16.057, ,, ,, ,, ,"[RP2006] 1720",76.07983,-69.43008
"RP1726",,19.44, ,18.855,,,"  ",18.56, ,, ,15.1, ,14.75, ,14.31, ,13.11, ,7.65, ,"[RP2006] 1726",76.1515,-69.38467
"Sa 105",18.582,19.579, ,18.779,,,"  ",, ,, ,16.3, ,15.04, ,14.193, ,12.792, ,8.889, ,"SMP LMC 105  ",75.63708,-69.43756
"SMP 17",17.279,17.907, ,17.272,17.905,17.71,"  ",17.22, ,16.92, ,14.984, ,13.945, ,12.993, ,11.328, ,7.286, ,"SMP LMC 17   ",75.71783,-69.34817
"SMP 20",17.591,18.428, ,17.364,18.664,15.98," *",15.439, ,15.158, ,15.1, ,14.75, ,14.31, ,13.11, ,7.65, ,"SMP LMC 20   ",76.16862,-69.36086
"RP1727",,21.81, ,21.205,20.757,18.38,"  ",16.03, ,14.14, ,11.844, ,10.992, ,10.272, ,9.525, ,, ,"[RP2006] 1727",76.13358,-69.32469
"Mo 12",19.374,20.33, ,20.028,,,"  ",, ,, ,17.015, ,15.92, ,14.726, ,13.339, ,, ,"[M94b] 12    ",74.65417,-69.59625
"RP1721",20.273,20.252, ,19.778,20.091,,"  ",, ,, ,, ,, ,, ,, ,, ,"[RP2006] 1721",75.45146,-69.40367
"RP1725",21.611,21.934, ,20.901,,,"  ",, ,, ,, ,, ,, ,, ,, ,"[RP2006] 1725",74.89192,-69.37839
"RP1712",20.339,21.752, ,20.913,,,"  ",18.68, ,, ,16.649, ,16.063, ,14.496, ,, ,, ,"[RP2006] 1712",74.46483,-69.55919
"RP1731",,21.779, ,20.946,21.696,,"  ",, ,, ,, ,, ,, ,, ,, ,"[RP2006] 1731",74.1935,-69.3245
"RP1740",19.208,20.004, ,19.498,20.439,20.11,"  ",, ,, ,17.149, ,16.53, ,, ,13.536, ,, ,"[RP2006] 1740",74.47525,-69.23933
"RP1742",19.72,19.972, ,18.441,18.605,18.08,"  ",17.58, ,17.36, ,17.095, ,17.091, ,, ,, ,, ,"[RP2006] 1742",75.19821,-69.18944
"RP1743",,, ,,,19.16,"  ",19.22, ,17.52, ,16.366, ,15.774, ,14.257, ,13.325, ,, ,"[RP2006] 1743",75.5155,-69.16264
"RP1791",,, ,,,17.12,"  ",17.11, ,17.17, ,16.153, ,16.14, ,, ,, ,, ,"[RP2006] 1791",75.56721,-69.06753
"RP1803",20.583,19.971, ,19.413,18.653,18.09,"  ",17.55, ,17.33, ,17.332, ,17.199, ,, ,, ,, ,"[RP2006] 1803",74.7325,-68.88378
"RP1807",,23.313, ,21.992,,,"  ",, ,, ,, ,, ,, ,, ,, ,"[RP2006] 1807",74.62171,-68.86956
"RP1805",18.258,18.537, ,18.726,18.425,18.19,"  ",16.815, ,, ,16.713, ,, ,, ,, ,, ,"[RP2006] 1805",74.73037,-68.84336
"RP1758",,21.705, ,21.102,20.744,,"  ",, ,, ,, ,, ,, ,, ,, ,"[RP2006] 1758",73.43783,-69.96631
"SMP 8",16.645,16.978, ,15.982,,15.77,"  ",15.56, ,14.47, ,12.177, ,10.985, ,9.52, ,7.765, ,3.274, ,"SMP LMC 8    ",72.55471,-69.56581
"RP1714",19.469,20.386, ,19.349,,17.462," *",16.865, ,16.288, ,15.792, ,15.395, ,14.27, ,12.801, ,, ,"[RP2006] 1714",73.51483,-69.55578
"RP1748",,21.28, ,20.94,,,"  ",, ,, ,, ,, ,, ,, ,, ,"[RP2006] 1748",73.76325,-69.53614
"SMP 7",16.912,17.329, ,17.059,18.146,17.299," *",16.862, ,15.974, ,15.002, ,14.208, ,13.527, ,12.032, ,5.942, ,"SMP LMC 7    ",72.12325,-69.13694
"RP1756",,20.459, ,20.345,,,"  ",, ,, ,, ,, ,, ,, ,, ,"[RP2006] 1756",73.80467,-69.00542
"MG 8",19.372,19.209, ,19.453,,19.22,"  ",, ,, ,17.28, ,16.18, ,14.18, ,13.99, ,9.5, ,"MGPN LMC8    ",73.91579,-68.57231
"SMP 12",18.371,19.156, ,18.183,19.479,18.83,"  ",18.91, ,, ,16.408, ,15.501, ,14.455, ,13.018, ,7.331, ,"SMP LMC 12   ",73.00604,-68.65478
"MG 5",19.476,20.399, ,19.546,,,"  ",, ,, ,17.87, ,16.79, ,, ,14.642, ,9.24, ,"MGPN LMC5    ",73.37292,-68.38139
"SMP 10",18.195,17.209, ,16.178,,18.05,"  ",18.4, ,, ,16.026, ,15.13, ,15.029, ,13.804, ,8.512, ,"SMP LMC 10   ",72.78721,-68.81819
"RP4319",,21.185, ,21.032,20.79,18.76,"  ",16.83, ,14.98, ,12.601, ,11.779, ,11.014, ,10.209, ,, ,"[RP2006] 4319",72.07387,-68.7425
"MG 2",19.09,19.628, ,18.978,19.704,19.46,"  ",18.98, ,17.61, ,16.458, ,15.765, ,14.162, ,13.085, ,, ,"MGPN LMC2    ",72.03792,-68.56111
"SMP 9",17.219,18.412, ,17.305,18.73,18.17,"  ",18.36, ,17.1, ,14.745, ,14.443, ,12.666, ,10.903, ,6.482, ,"SMP LMC 9    ",72.60283,-68.22122
"RP2637",20.559,20.585, ,19.789,20.203,,"  ",18.54, ,, ,17.592, ,16.56, ,, ,, ,, ,"[RP2006] 2637",72.36354,-68.21772
"Mo 3",18.656,20.118, ,19.325,20.772,,"  ",, ,, ,18.2, ,17.703, ,, ,, ,, ,"[M94b] 3     ",69.06,-70.51722
"RP2347",,22.216, ,22.074,,,"  ",, ,, ,, ,, ,, ,, ,, ,"[RP2006] 2347",68.93179,-70.55431
"Mo 2",,, ,,,,"  ",, ,, ,17.492, ,16.73, ,, ,, ,, ,"[M94b] 2     ",68.69375,-69.38917
"Sa 104",,, ,,,17.155," *",16.193, ,14.928, ,12.47, ,11.67, ,11.38, ,10.75, ,, ,"SMP LMC 104  ",66.15625,-69.70606
"RP2419",,20.87, ,20.587,20.444,,"  ",, ,, ,, ,, ,, ,, ,, ,"[RP2006] 2419",70.13904,-69.09267
"SMP 2",15.972,17.13, ,17.016,17.341,16.83," *",16.432, ,15.393, ,13.58, ,12.779, ,12.019, ,10.371, ,7.358, ,"SMP LMC 2    ",70.23617,-67.80067
"MG 82",18.241,19.909, ,19.203,21.012,17.402," *",16.875, ,16.647, ,16.46, ,15.82, ,, ,, ,, ,"MGPN LMC82   ",88.29958,-71.48278
"RP4139",,21.851, ,21.03,20.184,,"  ",, ,, ,, ,, ,, ,, ,, ,"[RP2006] 4139",88.14525,-71.8685
"RP4062",,21.527, ,21.346,20.361,,"  ",18.73, ,, ,16.87, ,16.929, ,, ,, ,, ,"[RP2006] 4062",86.84537,-71.55375
"Mo 40",18.91,20.774, ,19.717,,19.93,"  ",, ,, ,17.163, ,16.262, ,15.326, ,14.063, ,, ,"[M94b] 40    ",86.60537,-71.38953
"MG 79",17.537,18.304, ,17.894,18.48,16.841," *",15.517, ,14.161, ,13.872, ,13.401, ,12.977, ,12.318, ,, ,"MGPN LMC79   ",86.49417,-71.31806
"RP4081",,22.244, ,21.023,,20.11,"  ",18.69, ,, ,16.483, ,16.161, ,, ,, ,, ,"[RP2006] 4081",87.17717,-71.16106
"RP1956",,20.57, ,19.465,,17.41,"  ",16.96, ,16.92, ,16.8, ,16.336, ,14.432, ,12.663, ,, ,"[RP2006] 1956",86.66408,-70.94725
"RP4151",19.516,21.292, ,20.511,,20.12,"  ",, ,, ,17.443, ,16.309, ,15.248, ,14.085, ,, ,"[RP2006] 4151",88.35975,-70.98717
"RP4146",20.519,20.518, ,20.575,20.215,19.08,"  ",, ,, ,16.794, ,16.947, ,, ,, ,, ,"[RP2006] 4146",88.26171,-70.90961
"RP1955",,21.155, ,20.462,19.306,,"  ",18.24, ,, ,17.567, ,16.734, ,, ,, ,, ,"[RP2006] 1955",86.63596,-70.92611
"RP1957",,22.341, ,21.647,17.635,16.929,"  ",, ,, ,, ,, ,, ,, ,, ,"[RP2006] 1957",87.51804,-70.6765
"RP103",19.725,19.995, ,19.914,19.62,18.9,"  ",, ,, ,17.635, ,16.079, ,, ,, ,, ,"[RP2006] 103 ",86.75637,-70.47847
"RP102",19.418,19.112, ,18.113,17.116,16.395," *",15.508, ,14.971, ,15.311, ,15.394, ,15.17, ,, ,, ,"[RP2006] 102 ",87.33442,-70.46939
"RP122",19.276,19.462, ,19.245,18.738,17.14,"  ",17.02, ,16.66, ,16.555, ,16.594, ,, ,, ,, ,"[RP2006] 122 ",86.86958,-70.33775
"RP615",16.855,17.413, ,17.055,16.957,15.98,"  ",15.41, ,13.65, ,10.812, ,9.718, ,8.792, ,7.783, ,, ,"[RP2006] 615 ",86.33154,-71.26853
"RP44",18.695,20.103, ,19.894,19.887,,"  ",, ,, ,, ,, ,, ,, ,, ,"[RP2006] 44  ",84.98517,-71.15628
"RP1954",,20.488, ,20.248,19.9,,"  ",, ,, ,, ,, ,, ,, ,, ,"[RP2006] 1954",86.30221,-70.98486
"RP620",21.002,21.085, ,20.825,20.163,,"  ",, ,, ,, ,17.395, ,, ,14.338, ,, ,"[RP2006] 620 ",86.47196,-70.92111
"RP72",,21.171, ,20.511,,18.39,"  ",17.98, ,, ,17.296, ,16.951, ,, ,, ,, ,"[RP2006] 72  ",85.35192,-71.00514
"RP622",19.61,22.592, ,21.475,,,"  ",, ,, ,, ,, ,, ,, ,, ,"[RP2006] 622 ",85.58767,-70.95225
"RP624",20.611,20.581, ,20.181,19.744,19.69,"  ",, ,, ,, ,, ,, ,, ,, ,"[RP2006] 624 ",84.89775,-70.79081
"RP61",21.974,21.167, ,21.359,20.15,18.96,"  ",, ,, ,17.965, ,, ,15.068, ,, ,, ,"[RP2006] 61  ",85.60921,-70.82789
"RP125",21.007,21.141, ,20.522,20.356,16.521,"  ",, ,, ,16.491, ,, ,, ,, ,, ,"[RP2006] 125 ",85.22296,-70.75228
"RP530",17.187,18.102, ,17.451,17.675,19.28,"  ",, ,, ,16.453, ,16.37, ,, ,14.444, ,, ,"[RP2006] 530 ",83.95283,-71.10753
"RP440",19.52,20.929, ,19.16,,18.33,"  ",17.98, ,, ,17.48, ,, ,, ,, ,, ,"[RP2006] 440 ",83.22846,-70.69622
"RP441",,19.095, ,18.911,19.331,16.93,"  ",16.54, ,16.61, ,16.196, ,16.254, ,15.505, ,, ,, ,"[RP2006] 441 ",83.17842,-70.64458
"RP442",19.514,20.295, ,19.157,19.21,18.71,"  ",17.78, ,, ,16.564, ,16.342, ,, ,, ,, ,"[RP2006] 442 ",83.21396,-70.62139
"RP116",20.593,20.617, ,20.189,19.868,19.17,"  ",18.74, ,17.71, ,, ,, ,, ,, ,, ,"[RP2006] 116 ",84.55617,-70.61139
"RP87",17.898,18.157, ,18.004,18.108,18.05,"  ",18.34, ,, ,17.924, ,17.352, ,, ,, ,, ,"[RP2006] 87  ",84.54396,-70.54597
"Mo 35",19.939,21.117, ,20.553,19.344,19.38,"  ",, ,, ,, ,, ,, ,, ,, ,"[M94b] 35    ",84.51925,-70.49053
"RP577",,22.051, ,20.924,,,"  ",, ,, ,, ,, ,, ,, ,, ,"[RP2006] 577 ",84.13683,-70.49047
"RP580",,19.618, ,18.987,18.577,17.88,"  ",17.45, ,17.0, ,17.319, ,16.911, ,, ,, ,, ,"[RP2006] 580 ",84.15954,-70.41819
"Sa 123",16.876,17.87, ,16.764,18.754,18.45,"  ",17.95, ,, ,15.385, ,14.799, ,13.254, ,11.434, ,6.645, ,"SMP LMC 123  ",83.62571,-70.47625
"SMP 80",16.424,17.293, ,16.581,17.262,16.66,"  ",16.45, ,16.0, ,15.646, ,14.998, ,, ,13.873, ,8.98, ,"SMP LMC 80   ",83.66229,-70.33208
"RP77",20.569,19.432, ,18.478,17.617,17.08,"  ",16.67, ,16.71, ,16.248, ,16.409, ,, ,, ,, ,"[RP2006] 77  ",86.39229,-70.71775
"RP62",21.203,21.164, ,20.67,20.54,18.84,"  ",18.24, ,18.21, ,17.429, ,, ,, ,, ,, ,"[RP2006] 62  ",86.09442,-70.67872
"RP70",21.359,21.947, ,21.664,21.624,,"  ",, ,, ,, ,, ,, ,, ,, ,"[RP2006] 70  ",85.75896,-70.55894
"RP397",20.222,20.055, ,19.151,18.546,17.84,"  ",17.54, ,17.1, ,, ,, ,, ,, ,, ,"[RP2006] 397 ",85.47062,-70.47189
"RP85",19.232,19.793, ,18.699,17.806,16.72,"  ",16.01, ,15.22, ,12.906, ,12.083, ,10.657, ,8.805, ,4.793, ,"[RP2006] 85  ",85.13975,-70.54469
"LM 2-40",19.411,19.319, ,18.391,18.623,18.77,"  ",, ,, ,, ,, ,, ,, ,, ,"LM 2-40      ",85.15667,-70.46528
"SMP 88",17.119,17.335, ,16.825,16.226,15.344," *",14.739, ,14.333, ,13.356, ,12.783, ,12.394, ,11.434, ,7.422, ,"SMP LMC 88   ",85.63829,-70.49003
"RP9",,, ,,,18.39,"  ",17.88, ,, ,, ,, ,, ,, ,, ,"[RP2006] 9   ",85.65204,-70.48314
"RP93",,, ,,,,"  ",, ,, ,18.312, ,17.046, ,, ,, ,, ,"[RP2006] 93  ",85.509,-70.41658
"RP99",19.979,19.639, ,18.594,17.799,17.19,"* ",16.79, ,16.7, ,16.03, ,16.355, ,, ,, ,, ,"[RP2006] 99  ",86.59979,-70.43217
"SMP 90",18.328,18.921, ,17.877,,18.7,"  ",17.57, ,16.13, ,13.307, ,12.448, ,11.535, ,10.344, ,7.024, ,"SMP LMC 90   ",86.14458,-70.36133
"SMP 89",16.127,16.158, ,14.984,16.796,15.782," *",15.5, ,14.269, ,12.62, ,11.96, ,10.36, ,8.38, ,4.26, ,"SMP LMC 89   ",85.65267,-70.15892
"Mo 39",20.55,21.107, ,19.967,,20.02,"d ",, ,17.75,d,16.78,c,15.838, ,14.475, ,13.96, ,11.02, ,"[M94b] 39    ",85.67087,-70.09703
"RP135",18.675,19.092, ,18.761,18.526,18.81,"  ",18.56, ,, ,, ,, ,, ,, ,, ,"[RP2006] 135 ",85.65737,-70.07686
"RP178",19.747,19.532, ,18.797,17.976,17.45,"  ",17.13, ,17.1, ,15.672, ,15.442, ,, ,, ,9.147, ,"[RP2006] 178 ",85.11904,-69.91083
"RP89",19.764,19.373, ,8.366,19.252,18.68,"  ",, ,, ,17.135, ,17.378, ,, ,, ,, ,"[RP2006] 89  ",84.73504,-70.356
"RP90",20.089,19.697, ,17.948,17.76,17.019,"* ",16.2, ,16.132,?,16.079, ,16.016, ,, ,, ,, ,"[RP2006] 90  ",84.67021,-70.31706
"RP26",19.527,19.667, ,19.143,19.842,18.86,"  ",17.91, ,, ,17.035, ,16.69, ,, ,, ,, ,"[RP2006] 26  ",84.28108,-70.33083
"RP25",,18.429, ,16.486,15.292,14.074," *",13.223, ,13.049, ,12.781, ,12.858, ,12.691, ,12.523, ,, ,"[RP2006] 25  ",84.37267,-70.27583
"RP145",,, ,,,17.92,"  ",17.36, ,17.08, ,15.989, ,16.278, ,, ,, ,, ,"[RP2006] 145 ",84.65129,-70.20697
"RP147",20.549,19.664, ,18.338,18.02,16.339,"* ",15.727, ,15.589, ,15.306, ,15.504, ,, ,, ,, ,"[RP2006] 147 ",84.372,-70.13081
"RP1040",20.914,21.053, ,20.128,20.222,,"  ",, ,, ,, ,, ,, ,, ,, ,"[RP2006] 1040",84.33771,-70.069
"RP683",,21.76, ,21.715,,,"  ",, ,, ,, ,, ,, ,, ,, ,"[RP2006] 683 ",84.15029,-70.11814
"Mo 34",18.35,18.385, ,17.916,18.705,18.61,"  ",18.32, ,, ,15.194, ,14.868, ,14.311, ,, ,, ,"[M94b] 34    ",83.80796,-70.02208
"RP691",,21.249, ,20.466,20.744,13.942,"* ",13.065, ,12.82, ,12.677, ,12.811, ,12.687, ,12.389, ,, ,"[RP2006] 691 ",83.85812,-69.9895
"SMP 82",18.074,18.501, ,17.498,18.617,17.76,"  ",17.68, ,16.97, ,15.15, ,14.36, ,13.14, ,11.4, ,5.33, ,"SMP LMC 82   ",83.98971,-69.97139
"RP142",20.885,21.467, ,20.726,,,"  ",, ,, ,, ,, ,, ,, ,, ,"[RP2006] 142 ",84.89525,-70.10364
"RP143",20.11,20.496, ,19.256,18.672,18.12,"* ",17.86, ,17.68, ,, ,, ,, ,, ,, ,"[RP2006] 143 ",84.88021,-70.10428
"Mo 37",19.21,20.595, ,19.711,20.433,,"  ",, ,17.44, ,15.84, ,15.49, ,13.36, ,, ,12.97,c,"[M94b] 37    ",84.80979,-70.00531
"Mo 36",18.819,20.62, ,18.958,,16.2,"  ",15.4, ,15.12, ,14.93, ,15.16, ,, ,12.71, ,, ,"[M94b] 36    ",84.724,-69.96536
"RP180",17.49,17.96, ,17.94,17.17,17.77,"* ",17.18, ,16.94, ,15.7, ,15.64, ,13.8, ,12.14, ,8.55, ,"[RP2006] 180 ",84.25229,-69.90892
"RP182",,, ,,,19.28,"  ",, ,, ,16.121, ,16.162, ,, ,, ,, ,"[RP2006] 182 ",84.77037,-69.84667
"RP1037",,, ,,,20.28,"  ",, ,18.5, ,17.42, ,16.49, ,16.11, ,14.93, ,, ,"[RP2006] 1037",84.35437,-69.80003
"MG 65",18.977,18.956, ,18.404,19.1,18.65,"  ",18.76, ,18.06, ,15.92, ,14.74, ,14.826, ,12.53, ,6.74, ,"MGPN LMC65   ",83.79246,-69.66092
"Sa 122",18.983,19.46, ,18.427,,19.11,"  ",18.46, ,18.15, ,17.089,c,15.655, ,15.66, ,, ,7.156, ,"SMP LMC 122  ",83.60104,-69.57461
"Sa 126",18.841,19.479, ,18.404,18.205,17.313," *",16.935, ,16.39, ,15.939, ,15.719, ,14.448, ,12.649, ,8.527, ,"SMP LMC 126  ",88.31,-70.4175
"RP129",15.761,16.749, ,15.547,16.377,16.439," *",16.412, ,15.286,?,, ,, ,, ,, ,, ,"[RP2006] 129 ",87.12133,-70.14625
"RP130",16.263,17.082, ,16.995,16.81,16.752,"  ",16.74, ,16.81, ,, ,, ,, ,, ,, ,"[RP2006] 130 ",87.08075,-70.08994
"RP18",20.313,20.408, ,19.351,18.405,17.71,"  ",17.16, ,16.93, ,16.684, ,16.887,c,, ,, ,, ,"[RP2006] 18  ",87.47137,-70.14878
"RP171",18.846,19.987, ,19.855,,19.75,"  ",, ,, ,17.443, ,16.264, ,13.804, ,, ,, ,"[RP2006] 171 ",87.74937,-69.97347
"MG 83",18.631,19.098, ,18.61,19.41,15.698," *",15.038, ,14.741, ,14.809, ,14.81, ,14.802, ,, ,, ,"MGPN LMC83   ",88.6625,-69.34306
"RP4143",,20.83, ,19.712,19.168,18.52,"  ",18.21, ,17.55, ,16.532, ,15.673, ,14.81, ,13.798, ,, ,"[RP2006] 4143",88.20558,-69.11894
"SMP 93",16.535,18.892, ,18.039,18.165,17.077," *",16.497, ,15.767, ,14.976, ,14.023, ,12.557, ,11.326, ,7.696, ,"SMP LMC 93   ",87.41146,-69.16647
"RP1038",21.543,21.074, ,20.327,19.727,19.59,"  ",, ,, ,, ,, ,, ,, ,, ,"[RP2006] 1038",86.52883,-70.08264
"RP163",19.805,20.671, ,20.459,20.406,,"  ",, ,, ,, ,, ,, ,, ,, ,"[RP2006] 163 ",86.11992,-69.91236
"RP162",,, ,,,17.72,"  ",17.14, ,16.68, ,16.42, ,15.99, ,15.23, ,14.44, ,, ,"[RP2006] 162 ",85.82354,-69.94736
"MG 76",16.84,17.76, ,17.69,18.08,18.11,"  ",, ,, ,16.76, ,16.01, ,15.52, ,13.84, ,8.36, ,"MGPN LMC76   ",85.59975,-69.88475
"MNC2/RP4333",,, ,,,20.11,"d ",, ,18.75,d,17.43, ,16.65, ,15.55, ,13.34, ,10.86, ,"[MNC2011] 2  ",85.68321,-69.59278
"RP194",19.701,19.858, ,19.382,18.831,18.49,"  ",18.5, ,, ,17.342, ,16.901, ,, ,, ,, ,"[RP2006] 194 ",86.58817,-69.59211
"SMP 92",15.707,15.999, ,14.91,16.691,16.05,"  ",15.94, ,15.07, ,13.167, ,12.411, ,11.051, ,9.293, ,, ,"SMP LMC 92   ",86.77,-69.45892
"RP637",,21.979, ,21.996,,,"  ",, ,, ,, ,, ,, ,, ,, ,"[RP2006] 637 ",86.15529,-69.32986
"MG 73",,21.62, ,20.57,,19.45,"  ",, ,, ,, ,, ,, ,, ,, ,"MGPN LMC73   ",85.40312,-69.45261
"MNC1/RP4332",19.746,19.864, ,19.478,19.271,19.66,"d ",, ,18.74,d,17.02, ,16.37, ,14.85, ,13.22, ,9.68, ,"[MNC2011] 1  ",85.695,-69.34167
"RP223",16.763,16.604, ,15.964,15.21,14.512," *",14.147, ,14.068, ,13.919, ,13.88, ,13.224, ,, ,, ,"[RP2006] 223 ",84.60925,-69.54764
"RP228",19.093,19.076, ,18.369,17.55,17.003," *",16.544, ,16.203, ,16.038, ,15.828, ,, ,, ,, ,"[RP2006] 228 ",84.27817,-69.45253
"RP232",19.577,20.046, ,18.263,18.38,17.45,"  ",16.98, ,16.87, ,16.829, ,16.834, ,, ,, ,, ,"[RP2006] 232 ",84.14637,-69.37461
"RP265",19.446,19.74, ,18.294,17.628,16.691," *",16.256, ,15.997, ,15.862, ,15.901, ,, ,, ,, ,"[RP2006] 265 ",84.25292,-69.35819
"RP234",,19.885, ,18.721,17.59,16.63,"  ",16.04, ,15.89, ,15.674, ,15.788, ,, ,, ,, ,"[RP2006] 234 ",84.17208,-69.36914
"RP241",17.524,17.974, ,17.659,17.231,16.81,"* ",16.59, ,15.088, ,15.837, ,15.319, ,14.867, ,, ,, ,"[RP2006] 241 ",85.08612,-69.21706
"MG 68",17.62,19.07, ,18.44,19.41,18.96,"  ",18.89, ,, ,16.35, ,15.69, ,14.71, ,13.13, ,8.09, ,"MGPN LMC68   ",84.58092,-68.97706
"RP266",16.02,17.204, ,17.132,16.531,15.833," *",15.643, ,14.862, ,, ,, ,11.492, ,, ,, ,"[RP2006] 266 ",84.36625,-69.14864
"RP202",19.684,19.465, ,19.221,19.039,18.9,"  ",, ,, ,, ,, ,, ,, ,, ,"[RP2006] 202 ",86.07979,-69.20214
"MG 75",19.665,20.327, ,19.715,,18.2,"  ",17.98, ,17.6, ,16.957, ,16.752, ,, ,, ,, ,"MGPN LMC75   ",85.56404,-68.81575
"RP207",,21.875, ,21.1,20.409,17.58,"  ",17.17, ,17.02, ,16.811, ,, ,, ,, ,, ,"[RP2006] 207 ",86.56108,-68.89744
"MG 77",19.13,20.68, ,20.1,,20.53,"d ",, ,18.51,d,17.53, ,16.27, ,15.1, ,13.33, ,10.77, ,"MGPN LMC77   ",85.94821,-68.64308
"Mo 38",19.919,20.91, ,19.711,21.031,19.02,"  ",, ,, ,16.51, ,15.69, ,14.41, ,12.89, ,9.8, ,"[M94b] 38    ",85.13442,-68.74667
"RP1024",18.245,18.983, ,18.544,18.206,17.29,"  ",16.38, ,15.37, ,13.942, ,13.451, ,12.914, ,12.073, ,9.054, ,"[RP2006] 1024",84.81871,-68.591
"RP415",17.965,18.985, ,18.774,18.526,17.92,"  ",17.71, ,17.37, ,17.192, ,16.782, ,, ,, ,, ,"[RP2006] 415 ",82.99154,-70.7795
"SMP 73",15.439,15.842, ,14.676,16.53,15.94,"  ",15.62, ,14.58, ,12.359, ,11.702, ,10.11, ,8.081, ,4.242, ,"SMP LMC 73   ",82.84121,-70.67931
"RP427",19.905,19.984, ,19.092,18.64,18.76,"  ",17.94, ,17.27, ,, ,, ,, ,, ,, ,"[RP2006] 427 ",82.54529,-70.77767
"SMP 71",16.348,16.781, ,15.661,17.112,16.44,"  ",16.11, ,15.11, ,12.87, ,12.376, ,10.615, ,8.802, ,4.539, ,"SMP LMC 71   ",82.63825,-70.74375
"MG 51",17.62,17.963, ,17.404,,16.94,"  ",16.42, ,16.21, ,15.338, ,14.917, ,14.388, ,12.478, ,8.867, ,"MGPN LMC51   ",82.14337,-70.55044
"RP589",21.23,21.711, ,21.093,,19.27,"  ",17.79, ,16.43, ,13.167, ,12.593, ,11.733, ,10.712, ,, ,"[RP2006] 589 ",81.65658,-70.48533
"RP594",17.975,20.871, ,20.66,,,"  ",, ,, ,, ,, ,, ,, ,, ,"[RP2006] 594 ",81.79596,-70.43981
"Mo 28",18.833,19.292, ,18.167,17.766,17.22,"  ",16.79, ,16.45, ,14.46, ,14.7, ,13.74, ,12.21, ,8.073, ,"[M94b] 28    ",82.32679,-70.39714
"SMP 68",17.541,17.683, ,16.899,18.67,17.86,"  ",17.91, ,16.94, ,15.853, ,14.3, ,14.183, ,12.615, ,6.095, ,"SMP LMC 68   ",82.26167,-70.32342
"Mo 33",19.542,18.747, ,17.566,16.948,15.91,"  ",15.34, ,15.2, ,13.74, ,14.363, ,14.09, ,, ,9.29, ,"[M94b] 33    ",83.03867,-70.41153
"RP666",,18.721, ,17.621,16.971,16.32,"  ",15.85, ,15.76, ,15.571, ,15.494, ,, ,, ,, ,"[RP2006] 666 ",82.67954,-70.25428
"RP1006",20.943,21.143, ,20.748,,19.61,"  ",, ,, ,, ,, ,, ,, ,, ,"[RP2006] 1006",83.21829,-70.32639
"Sa 120",18.491,19.647, ,18.459,20.273,,"  ",18.95, ,, ,16.909, ,15.708, ,14.648, ,12.969, ,8.986, ,"SMP LMC 120  ",82.38625,-70.29417
"Mo 26",19.238,20.196, ,18.964,20.57,19.0,"  ",, ,, ,16.72, ,16.054, ,14.427, ,12.321, ,8.689, ,"[M94b] 26    ",82.00587,-70.2255
"RP687",19.227,21.004, ,19.937,19.502,19.91,"  ",18.92, ,17.127, ,16.054, ,, ,, ,, ,, ,"[RP2006] 687 ",81.83829,-70.04331
"RP693",,, ,,,,"  ",18.73, ,, ,, ,, ,, ,, ,, ,"[RP2006] 693 ",81.83517,-70.00664
"RP681",,20.164, ,19.127,18.97,18.35,"  ",17.82, ,, ,, ,, ,, ,, ,, ,"[RP2006] 681 ",82.44525,-70.12644
"RP692",19.45,19.473, ,18.414,18.256,17.6,"  ",17.23, ,16.99, ,, ,, ,, ,, ,, ,"[RP2006] 692 ",82.31083,-69.97492
"RP695",,18.115, ,16.846,15.108,14.21,"  ",13.45, ,13.24, ,13.057, ,13.181, ,13.136, ,13.083, ,, ,"[RP2006] 695 ",82.18375,-69.90617
"SMP 59",18.043,18.323, ,17.267,18.764,,"  ",, ,17.48, ,15.441, ,14.581, ,13.841, ,12.64, ,8.545, ,"SMP LMC 59   ",81.11396,-70.37325
"RP676",20.211,19.954, ,18.976,18.153,17.42,"  ",17.01, ,16.77, ,16.803, ,16.612, ,, ,, ,, ,"[RP2006] 676 ",80.84033,-70.21806
"RP671",19.623,19.764, ,18.899,19.531,18.05,"  ",17.37, ,16.91, ,15.674, ,15.248, ,14.991, ,14.241, ,, ,"[RP2006] 671 ",81.547,-70.26822
"RP678",19.301,19.305, ,18.163,17.585,17.06,"  ",16.93, ,16.52, ,16.089, ,15.713, ,14.867, ,14.311, ,, ,"[RP2006] 678 ",81.20712,-70.17636
"SMP 58",15.939,16.236, ,15.368,16.556,15.79,"  ",15.6, ,14.52, ,12.124, ,11.066, ,9.697, ,8.085, ,3.99, ,"SMP LMC 58   ",81.0865,-70.08375
"RP1245",,, ,,,18.28,"  ",17.85, ,17.82, ,17.393, ,17.48, ,, ,, ,, ,"[RP2006] 1245",80.32708,-70.165
"SMP 51",17.954,17.555, ,16.334,17.202,15.92,"  ",15.61, ,14.26, ,11.688, ,10.726, ,9.121, ,7.349, ,3.31, ,"SMP LMC 51   ",80.2185,-70.15986
"RP1246",19.809,19.693, ,19.246,,17.66,"  ",17.2, ,17.39, ,16.72, ,16.645, ,, ,, ,, ,"[RP2006] 1246",80.30987,-70.12936
"Sa 114",20.517,20.036, ,18.743,18.992,18.01,"  ",17.51, ,16.4, ,13.496, ,12.425, ,10.668, ,8.646, ,4.365, ,"SMP LMC 114  ",80.23346,-70.087
"RP686",18.393,18.619, ,18.249,18.664,18.95,"  ",18.89, ,, ,, ,, ,, ,, ,, ,"[RP2006] 686 ",80.66221,-70.07222
"RP714",20.691,20.189, ,19.455,18.882,18.34,"  ",17.87, ,, ,, ,, ,, ,, ,, ,"[RP2006] 714 ",80.5885,-70.00386
"RP1354",19.93,19.271, ,18.087,17.156,16.39,"  ",15.8, ,15.69, ,15.483, ,15.533, ,, ,, ,, ,"[RP2006] 1354",80.219,-69.83394
"RP1352",18.52,19.364, ,18.27,17.597,16.76,"  ",16.27, ,16.08, ,, ,, ,, ,, ,, ,"[RP2006] 1352",80.25304,-69.81914
"RP679",19.81,19.345, ,18.372,17.695,17.58,"  ",17.01, ,16.99, ,16.194, ,15.823, ,, ,, ,, ,"[RP2006] 679 ",81.60954,-70.13475
"RP680",,20.458, ,19.915,19.598,18.84,"  ",17.05, ,15.29, ,12.612, ,11.776, ,10.946, ,10.096, ,7.502, ,"[RP2006] 680 ",81.60862,-70.13178
"RP885",18.827,19.531, ,19.312,,18.41,"  ",17.65, ,, ,16.753, ,16.348, ,, ,13.856, ,, ,"[RP2006] 885 ",81.05675,-69.78992
"RP721",19.829,20.061, ,20.102,18.496,19.1,"  ",, ,, ,, ,, ,, ,, ,, ,"[RP2006] 721 ",80.79717,-69.82475
"RP719",15.913,16.514, ,16.259,15.887,15.91,"  ",15.66, ,15.53, ,14.819, ,14.204, ,, ,11.758, ,7.134, ,"[RP2006] 719 ",80.55062,-69.83278
"RP1353",19.009,19.05, ,18.786,18.747,17.68,"  ",17.06, ,17.03, ,16.798, ,, ,, ,, ,, ,"[RP2006] 1353",80.24833,-69.79717
"J80 32",17.139,17.49, ,17.132,17.115,19.23,"  ",, ,, ,16.502, ,16.583, ,14.65, ,12.49, ,7.54, ,"Jacoby LMC 32",80.28183,-69.74114
"RP756",19.797,19.365, ,18.443,17.601,16.96,"  ",16.6, ,16.43, ,16.139, ,16.022, ,, ,, ,, ,"[RP2006] 756 ",80.46246,-69.72619
"RP758",15.139,15.884, ,15.927,15.791,15.9,"* ",, ,, ,, ,14.844, ,, ,, ,6.496, ,"[RP2006] 758 ",80.44812,-69.721
"Mo 23",19.406,19.73, ,18.827,17.855,17.52,"  ",16.42, ,15.94, ,15.477, ,14.761, ,14.628, ,13.139, ,, ,"[M94b] 23    ",80.468,-69.72167
"MG 39",17.428,19.571, ,18.52,16.604,16.56,"  ",16.3, ,15.27, ,12.399, ,11.229, ,9.885, ,8.283, ,3.512, ,"MGPN LMC39   ",80.55337,-69.72472
"Sa 115",18.383,18.999, ,18.361,,18.18,"  ",18.09, ,, ,, ,16.01, ,14.65, ,12.49, ,7.54, ,"SMP LMC 115  ",80.32312,-69.71694
"RP889",18.874,19.436, ,18.81,18.885,18.37,"  ",18.21, ,, ,15.97, ,, ,, ,, ,, ,"[RP2006] 889 ",80.77937,-69.66792
"RP757",15.795,16.496, ,15.042,14.132,12.56,"  ",11.51, ,10.51, ,8.898, ,8.14, ,7.545, ,6.898, ,5.079, ,"[RP2006] 757 ",80.68308,-69.64114
"RP875",15.015,16.564, ,16.015,16.311,13.22,"  ",12.47, ,12.26, ,11.32, ,11.21, ,9.03, ,7.33, ,, ,"[RP2006] 875 ",81.04217,-69.63661
"RP1357",19.787,20.045, ,18.496,17.832,17.71,"  ",17.23, ,17.03, ,16.338, ,16.328, ,, ,, ,, ,"[RP2006] 1357",80.30987,-69.60594
"Mo 32",19.149,19.065, ,18.252,17.966,17.45,"  ",17.0, ,16.97, ,, ,15.72, ,, ,, ,, ,"[M94b] 32    ",83.02229,-69.95739
"RP700",,19.353, ,18.758,17.927,17.38,"  ",16.91, ,16.84, ,16.127, ,16.305, ,, ,, ,, ,"[RP2006] 700 ",82.87292,-69.84511
"RP701",,, ,,,,"  ",17.29, ,16.81, ,16.69, ,, ,, ,, ,, ,"[RP2006] 701 ",82.73921,-69.81686
"RP748",,20.065, ,19.13,18.224,17.66,"  ",17.12, ,17.02, ,16.658, ,16.61, ,, ,, ,, ,"[RP2006] 748 ",82.94637,-69.76233
"MG 56",19.106,19.502, ,19.089,18.973,18.73,"  ",18.68, ,, ,, ,, ,, ,, ,, ,"MGPN LMC56   ",82.93708,-69.71872
"RP735",18.838,18.63, ,17.619,16.681,16.117,"* ",15.609, ,15.282, ,15.148, ,15.203, ,14.31, ,12.54, ,8.24, ,"[RP2006] 735 ",82.27108,-69.78261
"MG 53",18.1,18.878, ,18.28,19.469,18.05,"  ",17.47, ,17.19, ,16.722, ,15.856, ,, ,13.798, ,9.35, ,"MGPN LMC53   ",82.39862,-69.76811
"RP736",20.087,19.488, ,19.069,18.298,17.89,"  ",17.43, ,, ,16.863, ,15.3, ,, ,, ,9.35, ,"[RP2006] 736 ",82.39125,-69.75861
"RP737",18.983,18.474, ,18.649,18.554,18.12,"  ",17.84, ,, ,15.43, ,14.633, ,13.519, ,11.875, ,8.24, ,"[RP2006] 737 ",82.30771,-69.74111
"MG 52",,20.043, ,18.936,18.306,17.51,"  ",16.9, ,16.93, ,15.929, ,15.895, ,14.302, ,12.444, ,8.2, ,"MGPN LMC52   ",82.28658,-69.75778
"RP732",20.329,19.423, ,19.096,17.68,17.41,"  ",16.89, ,16.73, ,16.273, ,15.96, ,14.918, ,, ,, ,"[RP2006] 732 ",82.03875,-69.84228
"RP733",19.961,19.134, ,19.363,18.683,18.74,"  ",, ,, ,15.853, ,15.674, ,, ,, ,, ,"[RP2006] 733 ",82.12817,-69.804
"Mo 27",,18.909, ,17.948,16.849,16.15,"  ",15.5, ,15.37, ,14.88, ,14.75, ,14.11, ,12.8, ,9.75, ,"[M94b] 27    ",82.31887,-69.62164
"RP771",21.015,20.388, ,19.504,18.442,17.83,"  ",17.22, ,17.37, ,13.197, ,13.26, ,13.173, ,13.073, ,, ,"[RP2006] 771 ",82.53875,-69.57933
"RP782",19.624,20.67, ,19.67,20.166,,"  ",, ,, ,17.842, ,16.824, ,, ,, ,, ,"[RP2006] 782 ",82.07833,-69.47092
"RP776",19.713,20.092, ,19.442,18.733,17.52,"  ",16.5, ,14.92, ,12.311, ,11.548, ,10.463, ,8.917, ,5.789, ,"[RP2006] 776 ",83.16342,-69.53167
"SMP 77",15.784,16.68, ,16.235,16.947,16.23,"  ",16.01, ,15.07, ,13.026, ,12.311, ,11.535, ,9.796, ,5.878, ,"SMP LMC 77   ",83.52608,-69.43842
"RP789",18.73,18.716, ,18.476,18.578,18.35,"  ",18.31, ,, ,17.17, ,16.75, ,15.24, ,13.36, ,10.26, ,"[RP2006] 789 ",83.14825,-69.42836
"Mo 30",16.925,17.62, ,17.551,17.981,18.02,"  ",18.23, ,18.1, ,17.204, ,16.837, ,, ,, ,9.84, ,"[M94b] 30    ",82.89667,-69.39631
"RP764",,19.257, ,19.272,19.236,19.06,"  ",18.9, ,17.51, ,, ,, ,, ,, ,, ,"[RP2006] 764 ",81.56812,-69.63386
"MG 49",,19.669, ,18.736,17.948,17.24,"  ",16.76, ,16.57, ,15.38, ,14.717, ,14.125, ,12.452, ,7.038, ,"MGPN LMC49   ",81.88387,-69.53856
"Sa 117",18.754,19.028, ,17.986,,18.58,"  ",18.26, ,17.21, ,15.616, ,14.51, ,13.611, ,11.668, ,6.439, ,"SMP LMC 117  ",81.23587,-69.25858
"RP777",,, ,,,,"  ",19.11, ,, ,, ,, ,, ,, ,, ,"[RP2006] 777 ",81.07796,-69.46844
"RP806",,19.192, ,18.441,18.198,17.65,"  ",17.12, ,16.99, ,, ,, ,, ,, ,, ,"[RP2006] 806 ",80.97037,-69.386
"RP815",19.539,19.964, ,20.169,20.136,17.62,"  ",17.12, ,17.16, ,16.925, ,17.07, ,, ,, ,, ,"[RP2006] 815 ",81.07721,-69.30372
"SMP 57",,, ,,,15.96,"  ",15.32, ,15.26, ,14.566, ,14.428, ,13.912, ,12.943, ,8.175, ,"SMP LMC 57   ",80.95225,-69.20569
"RP850",18.978,18.991, ,18.511,18.034,17.74,"  ",17.04, ,16.35, ,14.336, ,13.697, ,13.078, ,12.336, ,, ,"[RP2006] 850 ",80.47079,-69.17875
"RP2143",,19.441, ,18.076,17.091,16.325," *",15.661, ,15.44, ,14.974, ,15.261, ,, ,, ,, ,"[RP2006] 2143",81.74504,-69.21494
"SMP 64",15.897,16.651, ,16.408,15.563,14.97,"  ",14.35, ,12.83, ,9.954, ,8.76, ,7.788, ,6.563, ,, ,"SMP LMC 64   ",81.89862,-69.14897
"Sa 118",17.909,18.597, ,18.262,19.327,18.88,"  ",, ,, ,15.22, ,15.06, ,, ,, ,8.66, ,"SMP LMC 118  ",81.53967,-69.01625
"Sa 116",17.05,19.354, ,17.853,,17.3,"  ",16.8, ,16.42, ,15.465, ,14.986, ,14.057, ,12.88, ,8.44, ,"SMP LMC 116  ",81.15242,-69.09753
"SMP 56",16.556,17.359, ,17.124,17.502,16.93,"  ",16.43, ,15.37, ,12.316, ,12.161, ,11.536, ,10.026, ,6.719, ,"SMP LMC 56   ",80.88017,-69.06917
"RP857",,20.755, ,19.339,16.435,14.99,"  ",14.42, ,14.17, ,13.815, ,13.73, ,13.717, ,13.623, ,, ,"[RP2006] 857 ",81.13687,-69.00186
"SMP 63",15.497,15.946, ,14.902,16.714,15.85,"  ",15.93, ,15.1, ,13.743, ,12.877, ,12.141, ,10.297, ,5.11, ,"SMP LMC 63   ",81.35842,-68.93167
"RP1259",,20.807, ,19.119,19.113,18.74,"  ",18.36, ,, ,, ,, ,, ,, ,, ,"[RP2006] 1259",79.59942,-70.02578
"RP1270",19.068,19.503, ,19.031,19.233,19.32,"  ",18.62, ,, ,16.489, ,16.55, ,, ,, ,, ,"[RP2006] 1270",80.07342,-69.90214
"SMP 48",15.38,16.445, ,15.106,16.095,13.42,"  ",12.53, ,12.29, ,11.976, ,12.095, ,11.978, ,11.954, ,4.362, ,"SMP LMC 48   ",80.0395,-69.89419
"RP1371",,19.705, ,18.286,17.49,16.53,"  ",15.71, ,15.06, ,13.298, ,12.925, ,12.414, ,11.744, ,, ,"[RP2006] 1371",79.99179,-69.77314
"J80 24",18.851,20.095, ,20.011,,19.75,"  ",, ,, ,, ,, ,, ,, ,, ,"Jacoby LMC 24",79.89242,-69.74969
"J80 22",,16.8, ,15.47,14.473,13.61,"  ",13.06, ,12.93, ,12.631, ,12.694, ,12.576, ,12.16, ,8.35, ,"Jacoby LMC 22",79.77862,-69.69833
"J80 18",,19.42, ,17.812,17.339,17.15,"  ",16.74, ,16.48, ,16.238, ,16.297, ,, ,, ,, ,"Jacoby LMC 18",79.34971,-69.65367
"J80 16",19.068,19.332, ,19.295,19.58,18.55,"  ",, ,, ,, ,, ,, ,, ,, ,"Jacoby LMC 16",78.97783,-69.50992
"Sa 111",17.974,18.106, ,18.035,17.94,18.46,"  ",18.47, ,, ,17.811, ,17.523, ,, ,, ,, ,"SMP LMC 111  ",78.85354,-69.47864
"RP1338",18.954,18.927, ,17.801,17.282,16.69,"  ",16.29, ,16.11, ,15.718, ,15.202, ,13.846, ,, ,, ,"[RP2006] 1338",79.73121,-69.59978
"J80 23",,, ,,,16.41,"  ",15.91, ,15.76, ,15.436, ,15.543, ,, ,, ,, ,"Jacoby LMC 23",79.81283,-69.58128
"J80 21",,, ,,,14.69,"  ",13.99, ,13.87, ,13.596, ,13.702, ,13.842, ,13.88, ,9.84, ,"Jacoby LMC 21",79.732,-69.55056
"SMP 47",15.479,15.916, ,15.08,16.317,15.72,"  ",15.67, ,14.79, ,13.047, ,12.006, ,10.55, ,8.642, ,3.423, ,"SMP LMC 47   ",79.97771,-69.51808
"Sa 113",19.571,20.423, ,19.101,20.249,,"  ",, ,, ,16.273, ,16.291, ,, ,, ,, ,"SMP LMC 113  ",80.00425,-69.4325
"RP1378",,, ,,,15.19," *",14.55, ,14.391, ,14.025, ,14.14, ,14.506, ,, ,, ,"[RP2006] 1378",79.04596,-69.34347
"J80 17",18.896,19.566, ,19.039,18.705,15.03,"  ",12.75, ,10.89, ,8.568, ,7.827, ,7.19, ,6.474, ,4.39, ,"Jacoby LMC 17",79.25275,-69.32514
"RP1337",18.748,19.11, ,18.692,18.965,19.29,"  ",, ,, ,, ,, ,, ,, ,, ,"[RP2006] 1337",79.22771,-69.31258
"RP1375",18.705,19.063, ,18.761,18.531,18.32,"  ",18.12, ,, ,14.68, ,14.512, ,12.625, ,11.425, ,, ,"[RP2006] 1375",79.56292,-69.27267
"RP1336",20.136,19.952, ,20.084,19.15,19.22,"  ",, ,, ,, ,, ,, ,, ,, ,"[RP2006] 1336",78.91437,-69.22561
"MG 28",18.083,19.54, ,17.206,19.571,17.11,"  ",16.66, ,16.68, ,16.008, ,15.763, ,, ,14.62, ,9.91, ,"MGPN LMC28   ",78.29058,-69.52167
"RP1289",19.17,19.553, ,18.301,17.102,16.42,"  ",15.81, ,15.64, ,15.148, ,15.112, ,14.517, ,12.951, ,, ,"[RP2006] 1289",77.94192,-69.51117
"RP1296",,22.313, ,21.458,,,"  ",, ,, ,, ,, ,, ,, ,, ,"[RP2006] 1296",77.36304,-69.39758
"RP1304",,21.159, ,19.987,,19.66,"  ",, ,, ,16.564, ,15.845, ,, ,, ,, ,"[RP2006] 1304",77.3155,-69.36214
"RP1303",,21.434, ,19.943,18.919,18.18,"  ",17.59, ,17.16, ,16.618, ,16.409, ,, ,, ,, ,"[RP2006] 1303",77.19833,-69.37008
"Sa 109",15.846,16.722, ,16.106,15.92,15.93,"  ",15.36, ,14.14, ,11.878, ,11.111, ,10.47, ,9.366, ,6.22, ,"SMP LMC 109  ",77.94979,-69.39506
"RP1314",,19.963, ,19.289,18.287,17.41,"  ",16.88, ,16.84, ,, ,, ,, ,, ,, ,"[RP2006] 1314",77.45287,-69.07442
"J80 14",17.975,18.217, ,17.853,18.029,17.93,"  ",18.11, ,, ,17.074, ,, ,14.859, ,13.419, ,9.95, ,"Jacoby LMC 14",78.78625,-69.35025
"RP1387",18.421,17.763, ,16.269,15.173,14.406," *",13.748, ,13.582, ,13.305, ,13.384, ,13.339, ,, ,, ,"[RP2006] 1387",78.70512,-69.31906
"RP1308",20.494,21.288, ,20.773,20.474,,"  ",, ,, ,, ,, ,, ,, ,, ,"[RP2006] 1308",78.12492,-69.23403
"RP1416",,21.048, ,20.472,20.446,,"  ",, ,, ,18.41, ,17.38, ,9.78, ,, ,, ,"[RP2006] 1416",78.26808,-68.97014
"J80 10",20.173,20.729, ,19.934,19.831,19.05,"  ",18.75, ,, ,18.41, ,17.463, ,, ,, ,9.78, ,"Jacoby LMC 10",78.24954,-68.95214
"J80 7",19.922,20.179, ,19.727,19.6,19.75,"  ",, ,16.964, ,16.47, ,14.875, ,, ,, ,, ,"Jacoby LMC 7 ",77.98071,-69.12578
"RP1317",,20.393, ,19.242,18.48,17.73,"  ",17.25, ,17.18, ,17.063, ,16.887, ,, ,, ,, ,"[RP2006] 1317",78.13604,-69.08133
"RP1315",,22.185, ,21.325,20.633,,"  ",, ,, ,, ,, ,, ,, ,, ,"[RP2006] 1315",77.93629,-69.08903
"J80 4",20.145,20.356, ,19.91,,,"  ",, ,, ,, ,, ,, ,, ,, ,"Jacoby LMC 4 ",77.93596,-68.99922
"SMP 34",15.833,16.651, ,16.023,17.259,15.773," *",15.433, ,15.154, ,14.061, ,13.473, ,12.934, ,11.069, ,5.948, ,"SMP LMC 34   ",77.57108,-68.80622
"RP1443",,, ,,,17.36,"  ",16.92, ,16.9, ,17.36, ,16.92, ,, ,, ,, ,"[RP2006] 1443",77.59867,-68.77167
"Sa 112",18.809,19.17, ,18.634,,17.52,"  ",17.09, ,16.88, ,15.73, ,, ,, ,, ,, ,"SMP LMC 112  ",79.69075,-69.16986
"SMP 43",17.19,17.241, ,16.291,18.126,17.46,"  ",17.49, ,16.7, ,14.948, ,14.252, ,13.781, ,11.78, ,6.205, ,"SMP LMC 43   ",79.26,-69.12125
"RP1376",19.792,19.438, ,19.007,18.663,18.46,"  ",, ,, ,, ,17.242, ,15.355, ,, ,, ,"[RP2006] 1376",79.26917,-69.01422
"RP1415",20.159,18.879, ,17.59,16.448,15.49,"  ",14.82, ,14.65, ,14.457, ,14.574, ,14.458, ,, ,, ,"[RP2006] 1415",79.1755,-68.92833
"RP1438",17.039,17.703, ,17.663,17.729,17.75,"  ",17.52, ,17.16, ,16.772, ,16.634, ,, ,, ,, ,"[RP2006] 1438",79.32187,-68.78058
"RP900",19.605,19.2, ,18.5,18.046,17.56,"  ",17.16, ,16.84, ,16.574, ,16.553, ,, ,, ,, ,"[RP2006] 900 ",80.49512,-68.98269
"RP1432",,21.05, ,21.007,,19.87,"  ",, ,, ,, ,, ,, ,, ,, ,"[RP2006] 1432",80.31417,-68.80653
"SMP 46",17.342,18.391, ,17.354,19.048,18.68,"  ",18.47, ,17.4, ,15.019, ,14.889, ,12.772, ,10.919, ,6.97, ,"SMP LMC 46   ",79.8735,-68.85247
"RP1431",,20.433, ,19.501,18.597,,"  ",17.26, ,, ,16.927, ,16.837, ,, ,, ,, ,"[RP2006] 1431",80.149,-68.81694
"SMP 54",17.923,17.889, ,17.668,18.771,,"  ",18.62, ,17.04, ,16.013, ,15.071, ,14.305, ,12.603, ,7.736, ,"SMP LMC 54   ",80.42887,-68.65689
"SMP 52",15.552,15.957, ,14.844,16.86,16.012," *",15.668, ,15.52, ,14.114, ,13.15, ,12.733, ,10.856, ,5.064, ,"SMP LMC 52   ",80.34983,-68.59272
"RP1466",16.274,17.439, ,17.33,16.948,16.462," *",15.785, ,14.856, ,12.922, ,12.228, ,11.207, ,9.477, ,5.425, ,"[RP2006] 1466",80.14446,-68.58836
"RP1467",19.587,19.667, ,19.589,,18.99,"  ",18.73, ,, ,16.164, ,15.427, ,14.51, ,12.5, ,8.34, ,"[RP2006] 1467",80.08354,-68.57253
"RP1429",,21.137, ,19.663,19.109,18.19,"  ",17.69, ,17.16, ,, ,, ,, ,, ,, ,"[RP2006] 1429",79.82758,-68.81983
"RP1447",20.967,20.486, ,20.213,19.847,,"  ",, ,, ,, ,, ,, ,, ,, ,"[RP2006] 1447",78.35358,-68.72103
"RP1440",,, ,,,16.246," *",15.679, ,15.495, ,, ,, ,, ,, ,, ,"[RP2006] 1440",78.98208,-68.75058
"SMP 42",17.099,17.696, ,16.613,18.552,17.69,"* ",17.64, ,16.95, ,15.073, ,14.4, ,13.496, ,11.679, ,6.178, ,"SMP LMC 42   ",78.94479,-68.70653
"RP1465",,19.989, ,19.466,19.196,18.99,"  ",, ,, ,16.079, ,15.752, ,13.344, ,11.686, ,8.61, ,"[RP2006] 1465",78.77146,-68.61544
"RP1463",,21.23, ,21.03,20.845,,"  ",, ,, ,, ,, ,, ,, ,, ,"[RP2006] 1463",78.59679,-68.58233
"SMP 36",18.464,17.49, ,16.179,17.21,16.25," *",15.606, ,13.999, ,11.237, ,10.587, ,8.66, ,6.715, ,3.686, ,"SMP LMC 36   ",77.66537,-68.60139
"SMP 39",16.975,17.741, ,16.606,18.074,17.4,"  ",17.3, ,16.4, ,14.097, ,13.649, ,11.758, ,9.896, ,5.556, ,"SMP LMC 39   ",77.925,-68.58322
"RP1462",20.097,20.883, ,20.513,19.813,,"  ",, ,, ,, ,, ,, ,, ,, ,"[RP2006] 1462",78.17287,-68.55906
"RP1474",,20.428, ,20.293,20.303,,"  ",, ,, ,, ,, ,, ,, ,, ,"[RP2006] 1474",77.9375,-68.51917
"Sa 110",18.85,19.729, ,19.283,20.189,19.48,"  ",, ,, ,17.948, ,17.018, ,, ,, ,10.2, ,"SMP LMC 110  ",78.06967,-68.48614
"MG 31",20.038,19.96, ,18.972,20.272,17.22,"  ",16.79, ,16.45, ,16.765, ,16.209, ,14.387, ,12.792, ,8.868, ,"MGPN LMC31   ",79.122,-68.30322
"RP1488",20.837,20.338, ,19.606,,,"  ",18.52, ,, ,, ,, ,, ,, ,, ,"[RP2006] 1488",78.48775,-68.41875
"RP1502",17.253,18.202, ,18.423,18.464,18.75,"  ",, ,, ,16.72, ,16.25, ,, ,13.54, ,8.47, ,"[RP2006] 1502",77.89833,-68.29083
"MG 23",17.409,18.164, ,18.457,18.464,,"  ",, ,, ,16.996, ,16.415, ,, ,13.51, ,8.47, ,"MGPN LMC23   ",77.94746,-68.26931
"MG 29",16.749,18.521, ,17.198,18.36,19.05,"* ",18.54, ,, ,15.854, ,15.418, ,15.088, ,13.809, ,7.506, ,"MGPN LMC29   ",78.42646,-68.25456
"MG 60",19.073,20.123, ,19.407,19.781,19.4,"  ",19.01, ,, ,16.11, ,15.51, ,14.97,d,12.82, ,9.29, ,"MGPN LMC60   ",83.37837,-69.13703
"RP865",21.268,21.197, ,20.781,,,"  ",, ,, ,17.079, ,16.179, ,15.177, ,, ,8.049, ,"[RP2006] 865 ",82.55467,-69.01389
"RP2184",20.073,20.494, ,20.205,20.404,,"  ",, ,, ,, ,, ,, ,, ,, ,"[RP2006] 2184",82.34025,-69.039
"RP896",19.836,20.624, ,19.789,,19.34,"d ",, ,17.98,d,17.19,d,16.45,d,15.55,d,13.43,d,11.28,d,"[RP2006] 896 ",82.89312,-68.87939
"MG 54",18.585,19.576, ,19.218,18.08,17.47,"  ",17.04, ,16.98, ,16.03,c,15.682, ,14.778, ,12.873, ,, ,"MGPN LMC54   ",82.46421,-68.83489
"SMP 78",15.752,15.982, ,14.902,16.69,15.9,"  ",15.73, ,14.84, ,12.755, ,12.036, ,10.338, ,8.326, ,4.002, ,"SMP LMC 78   ",83.58829,-68.97369
"RP907",17.512,18.656, ,18.685,18.645,18.35,"  ",17.88, ,17.02, ,15.182, ,14.532, ,13.192, ,11.139, ,6.481, ,"[RP2006] 907 ",83.70008,-68.80992
"SMP 75",15.753,16.181, ,14.927,16.631,15.63,"  ",15.23, ,14.03, ,11.847, ,11.262, ,9.292, ,7.288, ,4.006, ,"SMP LMC 75   ",83.44579,-68.61228
"RP917",18.914,19.982, ,18.971,20.318,19.37,"  ",18.93, ,, ,17.703, ,16.814, ,, ,, ,, ,"[RP2006] 917 ",82.68333,-68.64822
"RP916",19.738,19.727, ,19.093,17.998,17.45,"  ",16.56, ,15.08, ,12.515, ,11.74, ,10.329, ,8.599, ,, ,"[RP2006] 916 ",82.74779,-68.59483
"RP903",19.114,18.67, ,17.584,16.732,16.01,"  ",15.5, ,15.37, ,14.641, ,14.703, ,14.484, ,13.749, ,, ,"[RP2006] 903 ",81.42208,-68.79628
"RP919",18.601,19.095, ,18.936,19.258,19.53,"  ",, ,, ,, ,, ,, ,, ,, ,"[RP2006] 919 ",81.65471,-68.67622
"RP926",20.34,20.674, ,20.24,20.177,,"  ",, ,, ,17.389, ,16.687, ,15.488, ,14.444, ,, ,"[RP2006] 926 ",80.71992,-68.63478
"RP945",19.652,19.503, ,18.885,17.834,17.28,"  ",17.07, ,15.95, ,13.442, ,12.474, ,10.902, ,9.424, ,, ,"[RP2006] 945 ",81.00033,-68.45872
"RP958",,22.025, ,20.195,17.221,15.76,"  ",15.16, ,14.9, ,14.568, ,14.503, ,14.601, ,14.531, ,, ,"[RP2006] 958 ",81.86879,-68.34764
"RP932",16.594,17.407, ,17.2,16.885,16.71,"  ",16.55, ,16.61, ,16.555, ,15.927, ,, ,, ,, ,"[RP2006] 932 ",83.11992,-68.42542
"MG 62",18.679,18.555, ,18.423,18.54,16.95,"  ",16.44, ,16.25, ,16.204, ,16.189, ,, ,, ,, ,"MGPN LMC62   ",83.65125,-68.30806
"SMP 76",15.851,16.423, ,15.508,16.799,16.05,"  ",16.04, ,15.07, ,13.299, ,12.416, ,10.902, ,9.029, ,4.686, ,"SMP LMC 76   ",83.48375,-67.88589
"RP972",,21.36, ,20.61,,,"  ",, ,, ,, ,17.011, ,15.298, ,, ,, ,"[RP2006] 972 ",81.69971,-67.84331
"SMP 67",15.945,17.093, ,16.628,17.264,16.63,"  ",16.75, ,15.95, ,14.435, ,13.907, ,12.41, ,10.681, ,5.635, ,"SMP LMC 67   ",82.31529,-67.54661
"SMP 66",16.56,16.924, ,15.851,17.941,17.17,"  ",17.23, ,16.43, ,14.843, ,14.137, ,13.409, ,11.499, ,6.26, ,"SMP LMC 66   ",82.17083,-67.56092
"MG 42",,19.922, ,19.102,18.13,17.66,"  ",17.27, ,17.04, ,17.07, ,16.96, ,, ,, ,, ,"MGPN LMC42   ",81.25925,-67.39897
"MG 40",18.757,18.923, ,18.118,19.432,18.79,"  ",18.53, ,, ,15.527, ,14.79, ,14.111, ,12.208, ,6.967, ,"MGPN LMC40   ",80.64667,-68.40711
"RP980",17.661,18.277, ,17.826,17.069,16.25,"  ",15.87, ,15.41, ,14.308, ,13.719, ,13.285, ,, ,5.651, ,"[RP2006] 980 ",80.57737,-68.04408
"RP979",15.559,16.198, ,15.865,15.417,15.05,"  ",14.92, ,14.8, ,14.312, ,14.044, ,12.859, ,11.141, ,5.11, ,"[RP2006] 979 ",80.66237,-67.91919
"RP1528",17.905,18.679, ,18.465,18.407,,"  ",18.56, ,, ,, ,, ,, ,, ,, ,"[RP2006] 1528",79.69642,-67.96103
"MG 34",19.52,20.337, ,20.211,,,"  ",, ,, ,16.152, ,15.452, ,13.81, ,12.127, ,7.962, ,"MGPN LMC34   ",79.87029,-67.24069
"SMP 50",16.08,16.601, ,15.439,17.49,16.439," *",16.18, ,15.085, ,13.194, ,12.52, ,11.727, ,10.337, ,5.397, ,"SMP LMC 50   ",80.21554,-67.09539
"SMP 53",15.688,16.33, ,15.189,17.142,16.38,"  ",16.5, ,15.75, ,14.403, ,13.848, ,13.371, ,11.613, ,5.024, ,"SMP LMC 53   ",80.38679,-67.00128
"RP1580",21.259,21.295, ,20.96,,19.17,"* ",, ,17.27, ,14.37, ,13.579, ,12.552, ,11.028, ,6.988, ,"[RP2006] 1580",80.42446,-66.99211
"SMP 44",17.235,18.549, ,17.417,19.352,18.69,"  ",18.41, ,, ,15.32, ,14.73, ,13.9, ,12.44, ,7.58, ,"SMP LMC 44   ",79.62475,-67.28217
"RP1584",18.64,19.036, ,18.747,18.906,18.82,"* ",, ,, ,15.208, ,14.169, ,12.894, ,11.087, ,7.237, ,"[RP2006] 1584",79.65517,-66.94608
"SMP 45",16.784,17.57, ,16.024,17.923,17.18," *",17.081, ,16.237, ,14.926, ,14.06, ,12.469, ,12.114, ,6.549, ,"SMP LMC 45   ",79.83617,-66.96872
"MG 35",18.819,20.25, ,19.438,19.575,17.546,"* ",15.708, ,13.929, ,11.234, ,10.416, ,9.637, ,8.639, ,6.082, ,"MGPN LMC35   ",79.88883,-66.92708
"RP4250",16.34,17.187, ,17.307,17.59,17.574," *",17.419, ,16.483, ,15.088, ,14.321, ,13.746, ,11.954, ,, ,"[RP2006] 4250",89.429,-69.04697
"RP4207",19.282,20.528, ,20.212,,,"  ",, ,, ,17.567, ,16.734, ,, ,, ,, ,"[RP2006] 4207",89.05329,-68.81675
"MG 81",19.595,21.07, ,20.224,20.599,,"  ",, ,, ,17.38, ,16.35, ,, ,14.574, ,, ,"MGPN LMC81   ",87.75,-67.97972
"SMP 91",17.682,18.549, ,18.018,19.25,18.75,"* ",18.68, ,, ,16.365, ,15.495, ,14.789, ,13.134, ,8.392, ,"SMP LMC 91   ",86.27487,-68.11414
"MG 78",20.147,21.581, ,20.63,21.142,,"  ",, ,18.41, ,17.319, ,16.361, ,, ,, ,, ,"MGPN LMC78   ",86.60587,-67.83411
"SMP 86",18.456,19.082, ,20.466,19.141,18.92,"* ",, ,, ,16.504, ,15.64, ,13.879, ,8.956, ,, ,"SMP LMC 86   ",85.34187,-68.12894
"RP299",18.946,19.775, ,19.572,19.613,18.08,"  ",, ,, ,, ,, ,, ,, ,, ,"[RP2006] 299 ",84.3245,-67.87611
"RP393",19.602,19.684, ,19.39,19.489,19.47,"  ",, ,, ,17.312, ,16.355, ,13.948, ,, ,, ,"[RP2006] 393 ",84.99067,-67.43261
"RP366",,22.363, ,21.592,20.033,19.51,"  ",, ,, ,, ,, ,, ,, ,, ,"[RP2006] 366 ",84.30542,-67.57089
"RP331",19.382,20.576, ,19.495,18.627,16.815,"* ",16.131, ,15.691, ,14.012, ,13.992, ,11.458, ,9.687, ,6.597, ,"[RP2006] 331 ",84.23562,-67.56561
"RP395",,20.779, ,19.383,17.27,16.0,"  ",15.34, ,15.16, ,14.879, ,14.796, ,14.945, ,14.752, ,, ,"[RP2006] 395 ",84.29454,-67.223
"Sa 124",18.481,19.799, ,18.83,20.423,19.59,"  ",, ,, ,16.083, ,15.646, ,14.141, ,12.671, ,8.954, ,"SMP LMC 124  ",85.18579,-67.30214
"MG 72",19.006,20.043, ,18.188,,,"  ",, ,, ,17.79, ,16.47, ,, ,14.35, ,10.01, ,"MGPN LMC72   ",85.08392,-67.03383
"RP1046",,20.625, ,20.578,20.434,,"  ",, ,, ,, ,, ,, ,, ,, ,"[RP2006] 1046",85.52696,-66.95292
"MG 69",19.302,20.426, ,20.11,,19.56,"  ",, ,, ,18.188, ,17.08, ,, ,, ,, ,"MGPN LMC69   ",84.81396,-66.82878
"RP4078",17.722,18.586, ,18.82,19.163,,"  ",, ,, ,, ,, ,, ,, ,, ,"[RP2006] 4078",87.16975,-66.80117
"Mo 42",18.645,20.54, ,19.186,20.132,19.13,"d*",, ,17.28,d,16.67, ,15.76, ,15.68,d,13.69, ,9.44, ,"[M94b] 42    ",88.81083,-66.84031
"SMP 85",15.834,16.533, ,15.711,16.382,15.511," *",15.099, ,14.033, ,12.218, ,11.275, ,9.763, ,7.896, ,3.372, ,"SMP LMC 85   ",85.12833,-66.29372
"MG 71",19.129,20.046, ,19.024,20.918,,"  ",, ,, ,17.138, ,16.47, ,, ,13.728, ,9.45, ,"MGPN LMC71   ",84.97825,-66.57017
"MG 66",18.646,20.375, ,19.503,,,"  ",, ,, ,16.684, ,16.56, ,14.654, ,13.139, ,, ,"MGPN LMC66   ",84.49708,-65.98056
"MG 64",19.753,20.875, ,19.894,20.383,18.14,"  ",17.55, ,17.39, ,16.621, ,16.734, ,, ,, ,9.39, ,"MGPN LMC64   ",83.80321,-67.63278
"RP1068",20.393,20.184, ,19.339,18.724,19.18,"  ",19.0, ,, ,17.369, ,17.018, ,14.669, ,12.949, ,, ,"[RP2006] 1068",82.92946,-67.359
"RP1069",21.027,21.034, ,20.721,19.341,,"  ",, ,, ,, ,, ,, ,, ,, ,"[RP2006] 1069",82.93212,-67.35806
"RP1067",,, ,,,19.28,"  ",, ,, ,, ,, ,, ,, ,, ,"[RP2006] 1067",82.95046,-67.35231
"RP1065",20.753,21.331, ,21.067,20.121,,"  ",, ,, ,, ,, ,, ,, ,, ,"[RP2006] 1065",82.96833,-67.35081
"SMP 83",,16.225, ,14.948,16.558,16.493," *",16.366, ,15.726, ,14.542, ,13.469, ,13.591, ,11.502, ,5.153, ,"SMP LMC 83   ",84.08633,-67.30214
"MG 58",18.645,21.516, ,19.621,17.473,16.786,"  ",, ,, ,, ,, ,, ,, ,, ,"MGPN LMC58   ",83.157,-67.14197
"SMP 69",18.119,19.13, ,18.094,20.418,18.9,"  ",, ,, ,16.366, ,15.532, ,14.759, ,13.261, ,7.949, ,"SMP LMC 69   ",82.34683,-67.22275
"RP1072",19.654,20.573, ,20.259,20.494,,"  ",, ,, ,, ,, ,, ,, ,, ,"[RP2006] 1072",82.05171,-67.15972
"RP1080",19.318,18.642, ,17.65,16.534,15.55,"  ",14.9, ,14.76, ,14.685, ,14.61, ,14.556, ,14.593, ,, ,"[RP2006] 1080",82.19646,-66.91125
"MG 50",19.297,19.549, ,19.208,20.386,18.79,"  ",, ,, ,17.79, ,16.259, ,, ,, ,7.495, ,"MGPN LMC50   ",82.28596,-66.71564
"RP347",,21.0, ,20.394,,,"  ",, ,, ,17.436, ,16.332, ,, ,13.728, ,, ,"[RP2006] 347 ",83.95829,-66.98489
"RP363",,22.464, ,20.724,18.03,16.6,"  ",16.16, ,15.86, ,15.418, ,15.5, ,15.029, ,15.181, ,, ,"[RP2006] 363 ",83.93458,-66.85614
"RP1084",20.196,20.369, ,19.444,,18.11,"  ",17.62, ,, ,, ,, ,, ,, ,, ,"[RP2006] 1084",83.28637,-66.80175
"RP3836",20.221,21.522, ,20.472,,,"  ",, ,12.713, ,17.965, ,17.042, ,, ,, ,, ,"[RP2006] 3836",83.58833,-66.42361
"RP3808",19.744,21.265, ,20.144,,,"  ",, ,, ,17.355, ,16.206, ,, ,13.657, ,, ,"[RP2006] 3808",83.2625,-66.30806
"MG 48",19.187,20.572, ,19.41,20.548,,"  ",, ,, ,17.27, ,16.477, ,15.315, ,13.386, ,8.989, ,"MGPN LMC48   ",81.74904,-66.11828
"RP1093",18.89,17.889, ,17.02,15.997,15.23,"  ",14.76, ,14.66, ,, ,14.554, ,14.569, ,, ,, ,"[RP2006] 1093",80.633,-66.77267
"RP1092",21.159,21.398, ,21.279,,,"  ",, ,, ,18.153, ,16.513, ,, ,14.639, ,, ,"[RP2006] 1092",80.57492,-66.73081
"RP1095",20.31,21.066, ,20.404,20.969,,"  ",, ,, ,17.451, ,16.704, ,, ,14.035, ,, ,"[RP2006] 1095",81.0185,-66.58414
"RP1595",19.773,21.154, ,21.114,,,"  ",, ,, ,, ,, ,, ,, ,, ,"[RP2006] 1595",79.81746,-66.66692
"MG 33",,, ,,,,"  ",, ,, ,18.0, ,17.18, ,16.65, ,14.64, ,10.52, ,"MGPN LMC33   ",79.8075,-66.15889
"RP3464",,, ,,,19.43,"  ",, ,, ,17.161, ,16.618, ,, ,, ,, ,"[RP2006] 3464",81.24079,-66.09992
"RP3426",19.874,22.024, ,21.434,,,"  ",, ,, ,16.991, ,16.731, ,, ,, ,, ,"[RP2006] 3426",80.75262,-65.62975
"RP3425",,, ,,,,"  ",, ,, ,18.118, ,17.985, ,, ,, ,, ,"[RP2006] 3425",81.04042,-65.55228
"RP3368",18.574,18.886, ,18.909,18.946,,"  ",, ,, ,17.712, ,17.451, ,, ,, ,, ,"[RP2006] 3368",80.17654,-65.43475
"RP3367",,, ,,,17.538," *",16.706,?,16.22,?,17.503, ,17.417, ,14.518, ,10.11, ,, ,"[RP2006] 3367",80.15067,-65.44067
"MG 37",17.076,17.942, ,17.958,18.441,18.054,"* ",17.254, ,17.305, ,15.822, ,15.268, ,14.247, ,12.593, ,8.317, ,"MGPN LMC37   ",80.445,-65.37444
"RP3661",20.209,20.358, ,19.74,19.321,,"  ",, ,, ,17.231, ,16.535, ,, ,, ,, ,"[RP2006] 3661",82.00446,-65.57769
"MG 59",17.573,18.23, ,18.965,,19.295,"?*",17.96,?,16.328, ,14.543, ,13.896, ,13.092, ,12.388, ,9.36, ,"MGPN LMC59   ",83.23333,-65.27861
"MG 46",18.034,18.238, ,17.312,16.477,15.556," *",15.295, ,14.794, ,14.369, ,14.028, ,13.669, ,12.984, ,8.94, ,"MGPN LMC46   ",81.58512,-65.36286
"RP3409",,22.125, ,21.822,,,"  ",, ,, ,, ,, ,, ,, ,, ,"[RP2006] 3409",80.86996,-65.33697
"MG 41",,, ,,,,"  ",, ,, ,16.321, ,16.12, ,13.854, ,12.043, ,9.074, ,"MGPN LMC41   ",80.90708,-65.16556
"MG 36",18.82,20.62, ,18.96,,,"  ",, ,, ,16.51, ,15.53, ,, ,13.16, ,, ,"MGPN LMC36   ",80.12375,-64.8875
"MG 32",,, ,,,17.498,"* ",16.828, ,16.441, ,16.202, ,15.626, ,14.569, ,13.682, ,, ,"MGPN LMC32   ",79.76708,-64.98889
"Mo 21",,, ,,,,"  ",, ,, ,17.708, ,16.41, ,, ,13.981, ,, ,"[M94b] 21    ",79.76833,-64.74444
"MG 47",,, ,,,17.392," *",16.885, ,16.719, ,14.87, ,13.87, ,12.73, ,10.31, ,8.98, ,"MGPN LMC47   ",81.68792,-64.63389
"MG 38",19.92,20.91, ,19.71,21.03,,"  ",, ,, ,16.55, ,15.69, ,14.4, ,13.73, ,10.85, ,"MGPN LMC38   ",80.51208,-64.42139
"Sa 107",18.031,18.728, ,17.644,18.137,16.56,"  ",16.0, ,15.89, ,15.482, ,14.817, ,14.388, ,13.123, ,8.299, ,"SMP LMC 107  ",76.68212,-69.2605
"RP1739",,, ,,,17.62,"* ",17.06, ,16.95, ,15.376, ,15.35, ,15.19, ,13.552, ,8.633, ,"[RP2006] 1739",76.77583,-69.22494
"RP1310",18.715,19.054, ,18.989,19.566,,"  ",, ,, ,15.979, ,14.895, ,13.492, ,11.629, ,, ,"[RP2006] 1310",77.02833,-69.14878
"SMP 25",15.264,15.831, ,14.897,16.292,15.464," *",15.175, ,14.157, ,12.503, ,11.748, ,10.652, ,8.794, ,4.218, ,"SMP LMC 25   ",76.59962,-69.05528
"RP1759",19.562,21.35, ,20.447,20.299,,"  ",, ,, ,, ,, ,, ,, ,, ,"[RP2006] 1759",76.71546,-68.95444
"SMP 22",17.955,18.574, ,18.0,19.907,17.42,"  ",17.01, ,16.8, ,15.64, ,15.23, ,14.81, ,13.898, ,9.13, ,"SMP LMC 22   ",76.46133,-69.04197
"RP1796",19.783,20.509, ,20.284,20.925,19.22,"  ",18.1, ,16.69, ,14.28, ,13.412, ,12.599, ,11.528, ,, ,"[RP2006] 1796",75.94017,-69.06156
"MG 14",17.909,18.582, ,17.53,19.93,19.05,"* ",, ,, ,15.186, ,14.62, ,13.919, ,11.627, ,7.238, ,"MGPN LMC14   ",76.11542,-68.96983
"RP1753",20.496,21.019, ,20.207,,,"  ",, ,, ,12.57, ,12.23, ,10.85, ,9.02, ,4.24, ,"[RP2006] 1753",76.57937,-69.03317
"SMP 24",18.81,20.008, ,18.348,,19.08,"  ",, ,, ,17.05, ,16.25, ,, ,, ,8.77, ,"SMP LMC 24   ",76.57612,-68.99192
"RP1324",19.292,18.792, ,18.497,17.915,19.21,"  ",, ,, ,16.205, ,16.543, ,, ,, ,, ,"[RP2006] 1324",77.21992,-69.00303
"RP1323",,19.886, ,19.429,19.278,19.01,"  ",18.56, ,, ,, ,, ,, ,, ,, ,"[RP2006] 1323",77.16896,-68.97294
"RP1426",19.431,19.747, ,19.401,19.738,17.08,"* ",16.52, ,16.32, ,16.221, ,15.385, ,14.185, ,12.451, ,8.043, ,"[RP2006] 1426",77.26246,-68.85097
"SMP 28",17.644,18.678, ,17.355,18.791,17.79,"  ",16.97, ,15.41, ,13.16, ,12.034, ,11.329, ,10.38, ,3.82, ,"SMP LMC 28   ",76.99008,-68.86317
"RP1444",18.647,19.436, ,18.685,,,"  ",19.09, ,, ,, ,, ,, ,, ,, ,"[RP2006] 1444",77.31521,-68.73283
"RP1550",19.611,19.527, ,19.242,19.569,16.99,"  ",16.46, ,16.17, ,15.756, ,15.615, ,, ,, ,, ,"[RP2006] 1550",77.20708,-68.73489
"RP1446",16.869,17.294, ,17.154,17.395,17.52,"  ",17.53, ,17.16, ,17.05, ,17.16, ,, ,, ,, ,"[RP2006] 1446",77.54196,-68.71564
"SMP 29",15.58,16.298, ,15.406,16.653,15.839," *",15.565, ,14.71, ,12.93, ,11.973, ,11.104, ,9.275, ,4.16, ,"SMP LMC 29   ",77.01383,-68.67128
"RP1823",,19.413, ,18.338,17.274,16.53," *",15.976, ,15.735, ,15.669, ,15.739, ,, ,, ,, ,"[RP2006] 1823",76.61062,-68.74178
"RP1819",19.439,19.394, ,19.049,19.037,,"  ",18.52, ,, ,17.662, ,16.518, ,, ,, ,, ,"[RP2006] 1819",76.2945,-68.71908
"SMP 21",15.517,16.42, ,15.531,16.976,16.55,"  ",16.5, ,15.84, ,14.45, ,13.46, ,12.19, ,10.34, ,4.76, ,"SMP LMC 21   ",76.21662,-68.65269
"RP1835",19.613,18.549, ,17.38,,14.754," *",13.897, ,13.881, ,13.608, ,13.694, ,13.505, ,13.442, ,, ,"[RP2006] 1835",76.68504,-68.63714
"RP1813",20.022,20.297, ,19.341,18.757,18.1,"* ",17.7, ,, ,16.585, ,, ,, ,, ,, ,"[RP2006] 1813",75.21721,-68.78811
"Sa 106",17.943,19.817, ,18.936,20.64,17.545," *",17.079, ,16.607, ,16.01, ,15.86, ,14.14, ,12.33, ,9.14, ,"SMP LMC 106  ",75.77396,-68.56028
"RP1864",19.708,20.194, ,20.286,,17.79,"  ",17.23, ,16.81, ,, ,16.648, ,, ,14.759, ,, ,"[RP2006] 1864",75.28442,-68.22678
"RP1868",18.297,19.306, ,18.944,19.915,19.64,"* ",19.08, ,, ,15.031, ,14.316, ,13.078, ,11.043, ,7.697, ,"[RP2006] 1868",75.24271,-68.13008
"RP1456",19.351,21.685, ,20.674,,,"  ",, ,, ,17.712, ,16.387, ,, ,13.637, ,, ,"[RP2006] 1456",77.46458,-68.61889
"SMP 33",16.082,16.665, ,15.553,17.225,16.607," *",16.466, ,15.366, ,13.17, ,12.676, ,10.783, ,8.897, ,4.648, ,"SMP LMC 33   ",77.53908,-68.49856
"MG 19",17.748,20.967, ,19.147,19.873,19.28,"  ",, ,, ,17.293, ,16.687, ,, ,13.42, ,, ,"MGPN LMC19   ",77.13279,-68.16239
"RP1848",16.047,16.996, ,16.899,16.941,16.583," *",16.476, ,16.181, ,15.837, ,15.504, ,, ,, ,, ,"[RP2006] 1848",76.89629,-68.47575
"MG 20",19.22,20.855, ,20.088,,,"  ",, ,, ,17.26, ,16.7, ,, ,, ,, ,"MGPN LMC20   ",77.66767,-68.17319
"RP1523",20.241,22.061, ,21.451,,,"  ",, ,, ,18.045, ,17.516, ,, ,14.465, ,, ,"[RP2006] 1523",77.9545,-67.9895
"SMP 31",17.001,17.815, ,17.117,16.582,15.83," *",15.342, ,14.398, ,12.049, ,11.101, ,9.498, ,7.621, ,3.208, ,"SMP LMC 31   ",77.33425,-67.79028
"RP1532",17.98,22.207, ,19.183,,,"  ",, ,, ,17.372, ,16.367, ,, ,14.042, ,, ,"[RP2006] 1532",77.18617,-67.89797
"MG 15",,20.605, ,19.959,19.697,18.07,"  ",17.62, ,17.55, ,16.71, ,16.25, ,, ,, ,, ,"MGPN LMC15   ",76.39879,-68.02781
"RP1878",18.478,20.339, ,18.658,17.905,16.344," *",15.064, ,14.162, ,12.499, ,11.76, ,11.036, ,10.092, ,7.444, ,"[RP2006] 1878",76.14267,-67.87272
"RP1870",,20.698, ,20.486,20.508,,"  ",, ,, ,, ,16.87, ,15.297, ,, ,, ,"[RP2006] 1870",75.49854,-68.04319
"SMP 23",15.874,16.622, ,15.539,17.326,16.346," *",16.313, ,14.978, ,14.255, ,13.429, ,12.63, ,10.858, ,, ,"SMP LMC 23   ",76.53937,-67.75772
"RP1886",19.214,20.3, ,19.654,19.726,19.7," *",, ,, ,, ,, ,, ,, ,, ,"[RP2006] 1886",76.08796,-67.63583
"RP1900",20.184,20.742, ,20.634,,19.84,"  ",, ,, ,16.658, ,15.753, ,14.859, ,13.318, ,, ,"[RP2006] 1900",75.51933,-67.56211
"RP1872",19.69,20.165, ,19.268,,,"  ",, ,, ,, ,, ,, ,, ,, ,"[RP2006] 1872",74.61812,-67.94617
"RP1876",,21.105, ,20.952,20.514,19.98,"  ",, ,, ,18.146, ,17.474, ,, ,, ,, ,"[RP2006] 1876",74.747,-67.87822
"RP1877",,, ,,,,"  ",17.88, ,, ,17.411, ,16.305, ,14.826, ,13.672, ,, ,"[RP2006] 1877",74.00429,-67.91189
"MG 10",18.687,19.979, ,18.917,20.333,19.52,"  ",, ,, ,16.46, ,16.28, ,14.18, ,12.3, ,9.05, ,"MGPN LMC10   ",74.15721,-67.68197
"MG 11",18.736,19.642, ,19.264,20.153,19.45,"  ",, ,, ,17.15, ,16.41, ,, ,13.994, ,8.4, ,"MGPN LMC11   ",74.82642,-67.45108
"MG 9",19.153,20.595, ,19.709,20.85,19.26,"* ",, ,, ,16.402, ,15.863, ,14.63, ,13.419, ,, ,"MGPN LMC9    ",74.08787,-67.40625
"RP1904",17.077,17.169, ,17.246,17.141,16.086," *",15.685, ,15.13, ,16.368, ,16.442, ,, ,, ,, ,"[RP2006] 1904",74.90887,-67.30119
"RP1922",,20.549, ,20.329,20.69,,"  ",, ,, ,, ,, ,, ,, ,, ,"[RP2006] 1922",74.36692,-66.89658
"RP1921",20.58,20.512, ,20.348,20.797,,"  ",, ,, ,16.726, ,15.653, ,14.449, ,12.581, ,, ,"[RP2006] 1921",74.38837,-66.88292
"SMP 11",19.156,20.303, ,20.142,19.582,18.36,"  ",17.07, ,15.04, ,10.393, ,8.803, ,7.299, ,5.805, ,2.941, ,"SMP LMC 11   ",72.90758,-67.08794
"RP2784",19.35,20.252, ,20.035,21.002,,"  ",, ,, ,17.842, ,16.853, ,, ,13.672, ,, ,"[RP2006] 2784",73.43204,-66.62856
"SMP 37",16.283,16.902, ,15.807,17.494,16.774,"* ",16.556, ,15.927, ,13.67, ,13.117, ,11.252, ,9.443, ,4.828, ,"SMP LMC 37   ",77.76217,-67.79983
"RP1559",17.151,18.234, ,18.135,18.649,,"  ",18.61, ,, ,15.75, ,15.12, ,14.405, ,12.6, ,7.99, ,"[RP2006] 1559",77.29662,-67.56714
"Mo 17",,21.23, ,20.464,19.717,,"  ",, ,, ,16.68, ,15.95, ,14.55, ,13.33, ,, ,"[M94b] 17    ",76.85633,-67.48042
"SMP 30",17.168,18.653, ,17.367,19.01,18.73,"* ",18.48, ,17.06, ,16.281, ,15.19, ,13.993, ,13.237, ,8.386, ,"SMP LMC 30   ",77.29392,-66.894
"SMP 27",16.84,17.845, ,17.132,18.299,17.96,"  ",18.09, ,17.46, ,16.12, ,15.507, ,14.723, ,12.489, ,6.943, ,"SMP LMC 27   ",76.97846,-66.96264
"RP1934",,21.2, ,22.934,,20.62,"  ",, ,19.45, ,19.0, ,, ,, ,, ,, ,"[RP2006] 1934",75.94025,-66.65475
"RP1587",,20.926, ,19.505,,,"  ",, ,, ,, ,, ,, ,, ,, ,"[RP2006] 1587",78.06987,-66.82697
"SMP 40",16.968,17.763, ,16.833,17.949,17.482," *",16.204, ,15.273, ,13.832, ,13.307, ,12.523, ,11.225, ,6.787, ,"SMP LMC 40   ",78.06537,-66.38239
"RP3228",,21.756, ,21.453,,,"  ",, ,, ,, ,, ,, ,, ,, ,"[RP2006] 3228",76.9455,-65.99539
"MG 12",19.085,20.896, ,19.784,21.054,20.57,"d ",, ,19.11,d,18.94, ,17.39, ,, ,16.02, ,11.77, ,"MGPN LMC12   ",75.41758,-66.77944
"RP1938",,21.28, ,20.58,,21.09,"  ",, ,20.21, ,18.73, ,17.44, ,, ,, ,, ,"[RP2006] 1938",75.42637,-66.59914
"Mo 10",21.008,19.841, ,20.383,,,"  ",, ,, ,16.997, ,16.68, ,14.9, ,13.127, ,8.698, ,"[M94b] 10    ",73.9375,-65.80972
"MG 1",19.525,20.456, ,19.511,,,"  ",, ,, ,17.149, ,16.57, ,15.868, ,, ,, ,"MGPN LMC1    ",71.845,-67.68917
"Mo 5",,20.784, ,20.282,,20.01,"  ",, ,, ,17.44, ,16.61, ,, ,14.39, ,, ,"[M94b] 5     ",71.3325,-67.57667
"SMP 5",15.633,16.722, ,16.505,17.001,16.487," *",15.868, ,15.194, ,13.154, ,12.242, ,11.507, ,9.876, ,6.646, ,"SMP LMC 5    ",72.03583,-67.43536
"MG 3",18.371,20.265, ,19.444,21.083,19.86,"  ",, ,, ,16.99, ,16.71, ,14.867, ,13.13, ,10.26, ,"MGPN LMC3    ",72.73625,-66.33139
"SMP 3",15.811,16.458, ,15.83,16.84,15.956," *",15.987, ,15.078, ,, ,, ,, ,, ,, ,"SMP LMC 3    ",70.6,-66.21717
"Mo 7",,19.38, ,,,,"  ",, ,, ,, ,, ,, ,, ,, ,"[M94b] 7     ",72.33292,-64.37667
"Mo 4",,, ,,,17.624," *",17.208, ,16.491, ,, ,, ,, ,, ,, ,"[M94b] 4     ",70.05083,-64.92583
"MG 26",17.435,18.309, ,17.854,19.118,19.396,"?*",17.47, ,15.83, ,13.228, ,12.477, ,11.119, ,9.055, ,5.049, ,"MGPN LMC26   ",78.36683,-66.29142
"MG 21",18.735,19.191, ,18.874,20.04,,"  ",, ,, ,17.119, ,15.763, ,, ,13.898, ,7.678, ,"MGPN LMC21   ",77.9075,-65.71222
"MG 27",19.295,20.359, ,19.428,20.55,,"  ",, ,, ,17.83, ,17.062, ,, ,14.818, ,9.91, ,"MGPN LMC27   ",78.39292,-65.58722
"MG 22",18.918,19.685, ,19.866,,,"  ",, ,, ,18.16, ,17.48, ,, ,, ,9.56, ,"MGPN LMC22   ",77.97292,-65.54111
"MG 18",20.177,20.646, ,20.325,,,"  ",, ,, ,19.08, ,, ,, ,, ,10.79, ,"MGPN LMC18   ",76.76279,-65.72294
"SMP 35",16.326,16.579, ,15.672,19.114,16.947," *",17.022, ,16.391, ,15.294, ,14.322, ,13.753, ,12.548, ,6.805, ,"SMP LMC 35   ",77.70792,-65.49186
"MG 24",18.021,19.776, ,19.236,20.601,,"  ",, ,, ,18.02, ,17.352, ,, ,15.49, ,, ,"MGPN LMC24   ",78.25417,-65.25972
"RP3335",,, ,,,,"  ",, ,, ,17.816, ,17.129, ,, ,14.042, ,, ,"[RP2006] 3335",78.64562,-65.00522
"MG 13",18.11,19.67, ,18.75,20.04,19.66,"d ",, ,19.01,d,18.22, ,16.93, ,, ,14.61, ,10.17, ,"MGPN LMC13   ",75.76346,-65.38408
"MG 16",,, ,,,18.57,"d ",, ,17.04,d,16.663, ,15.836, ,15.4, ,13.99, ,10.73, ,"MGPN LMC16   ",76.52154,-64.81375
"MG 17",,, ,,,19.82,"d ",, ,18.97,d,17.018, ,16.607, ,14.827, ,13.202, ,8.333, ,"MGPN LMC17   ",76.58821,-64.61772
"Sa 104a",,, ,,,,"  ",, ,, ,12.47, ,11.67, ,11.38, ,, ,, ,"SMP LMC 104A ",66.38404,-66.78789
"RP4210",18.531,19.228, ,18.982,18.956,18.379," *",17.557, ,16.758, ,, ,, ,, ,, ,, ,"[RP2006] 4210",89.12733,-65.59689
"Mo 41",18.011,18.795, ,18.1,17.921,17.238,"* ",16.414, ,15.108, ,, ,, ,, ,, ,, ,"[M94b] 41    ",88.807,-65.47297
"RP4065",,, ,,,18.284," *",17.73, ,16.125, ,, ,, ,, ,, ,, ,"[RP2006] 4065",86.86471,-65.03078
"Mo 43",,, ,,,17.874,"* ",16.981, ,15.941, ,, ,, ,, ,, ,, ,"[M94b] 43    ",89.69083,-64.51278
"MG 44",,18.37,c,,,,"  ",, ,, ,, ,, ,, ,, ,, ,"MGPN LMC44   ",81.48167,-63.73694
"MG 45",,, ,,,15.923," *",15.099, ,13.468, ,, ,, ,, ,, ,, ,"MGPN LMC45   ",81.52696,-63.61756
"Mo 22",,, ,,,17.363,"* ",16.74, ,15.644, ,, ,, ,, ,, ,, ,"[M94b] 22    ",80.3625,-62.56972
"Mo 29",,19.38,c,,,,"  ",, ,, ,, ,, ,, ,, ,, ,"[M94b] 29    ",82.92875,-62.16861
"SMP 98",,, ,,16.441,15.387," *",15.226, ,14.118, ,, ,, ,, ,, ,, ,"SMP LMC 98   ",94.39708,-73.20972
"SMP 100",,, ,,17.943,17.007," *",16.932,?,15.867, ,, ,, ,, ,, ,, ,"SMP LMC 100  ",95.73112,-72.12806
"SMP 99",,, ,,,16.055," *",15.893, ,14.923, ,, ,, ,, ,, ,, ,"SMP LMC 99   ",94.74175,-71.59736
"MG 86",19.435,20.804, ,20.242,,,"  ",, ,, ,, ,, ,, ,, ,, ,"MGPN LMC86   ",91.24417,-72.065
"RP4489",,, ,,,17.617," *",16.982, ,16.531, ,, ,, ,, ,, ,, ,"[RP2006] 4489",93.92796,-70.89233
"SMP 96",17.471,17.991, ,17.499,18.366,,"  ",, ,, ,, ,, ,, ,, ,, ,"SMP LMC 96   ",91.52375,-71.07139
"RP4305",,, ,,,13.287," *",12.736, ,12.47, ,, ,, ,, ,, ,, ,"[RP2006] 4305",90.42521,-71.13594
"Mo 53",,18.08,c,,,17.763," *",, ,, ,, ,, ,, ,, ,, ,"[M94b] 53    ",99.5775,-69.40417
"MG 85",18.039,19.006, ,18.495,19.37,,"  ",, ,16.315,*,, ,, ,, ,, ,, ,"MGPN LMC85   ",91.0425,-70.07333
"SMP 101",,, ,,,16.403," *",15.69, ,15.424, ,, ,, ,, ,, ,, ,"SMP LMC 101  ",95.91779,-69.17731
"Mo 51",,18.87,c,,,,"  ",, ,, ,, ,, ,, ,, ,, ,"[M94b] 51    ",96.26792,-69.12639
"SMP 102",,, ,,,17.915," *",, ,, ,, ,, ,, ,, ,, ,"SMP LMC 102  ",97.38717,-68.05911
"Mo 54",,15.02,c,,,15.501," *",15.067, ,13.722, ,, ,, ,, ,, ,, ,"[M94b] 54    ",100.35292,-67.025
"SMP 97",,, ,,,16.479," *",16.198, ,15.526, ,, ,, ,, ,, ,, ,"SMP LMC 97   ",92.60587,-67.93911
"Mo 44",19.341,20.665, ,19.822,,,"  ",, ,, ,17.155, ,16.247, ,14.748, ,13.879, ,, ,"[M94b] 44    ",90.42875,-68.01
"SMP 95",17.097,18.338, ,17.327,19.078,18.09," *",17.927, ,17.034, ,15.512, ,15.068, ,13.388, ,11.562, ,7.321, ,"SMP LMC 95   ",90.43892,-67.93511
"Mo 46",,19.1,c,,16.909,,"* ",, ,16.583, ,16.867, ,16.106, ,14.544, ,13.484, ,, ,"[M94b] 46    ",92.53708,-67.17167
"Mo 49",,, ,,,16.274," *",15.968, ,14.876, ,, ,, ,, ,, ,, ,"[M94b] 49    ",95.26958,-66.13358
"Mo 48",,, ,,,16.262," *",16.219, ,15.375, ,, ,, ,, ,, ,, ,"[M94b] 48    ",93.41917,-64.01278
"RP469",17.327,17.743, ,17.755,17.804,18.07,"  ",17.95, ,, ,17.352, ,17.022, ,, ,, ,, ,"[RP2006] 469 ",,
"RP3366",19.789,20.224, ,19.487,19.307,,"  ",, ,, ,16.284, ,16.338, ,, ,, ,, ,"[RP2006] 3366",,
"RP3876",,21.174, ,20.523,20.341,,"  ",, ,, ,, ,, ,, ,, ,, ,"[RP2006] 3876",,
"RP3886",,20.314, ,19.974,19.543,19.24,"  ",, ,, ,, ,, ,, ,, ,, ,"[RP2006] 3886",,
"RP3923",,23.024, ,22.138,,,"  ",, ,, ,, ,, ,, ,, ,, ,"[RP2006] 3923",,
"RP4388",,20.795, ,20.176,,18.49,"  ",18.12, ,17.7, ,16.35, ,15.412, ,14.416, ,12.926, ,, ,"[RP2006] 4388",,
"RP4398",,20.369, ,19.544,18.124,16.307," *",15.597, ,15.065, ,, ,, ,, ,, ,, ,"[RP2006] 4398",,
