recno,[RP2006],Name,c(Hb),FHb,e_FHb,F[OIII],e_F[OIII],n_F[OIII],_RA,_DE
1,10,"SMP88 WS27",0.56,4.63E-14,2.3E-15,2.02E-13,1.0E-14, ,85.63829,-70.49003
2,12,"SMP90",0.42,3.65E-14,1.8E-15,2.31E-13,1.1E-14, ,86.14458,-70.36133
3,74,"Mo35",0.46,4.94E-15,4.9E-16,3.78E-14,3.2E-14, ,84.51925,-70.49053
4,75,"Mo40",0.34,6.42E-15,5.4E-15,4.61E-14,2.5E-14, ,86.60537,-71.38953
5,106,"LM2-40 N217",0.65,1.28E-15,1.2E-16,4.12E-15,3.5E-15, ,85.15667,-70.46528
6,133,"SMP89 WS38",0.35,2.09E-13,1.0E-14,2.8E-12,1.4E-13, ,85.65265,-70.15891
7,134,"Mo39",0.48,3.51E-15,3.5E-16,2.66E-14,2.2E-14, ,85.67121,-70.09697
8,152,"Mo37",0.34,1.25E-14,6.2E-16,6.78E-14,3.3E-15, ,84.81029,-70.00517
9,179,"Mo36",0.32,6.13E-15,5.2E-15,5.71E-14,3.1E-14, ,84.724,-69.96536
10,209,"SMP93",0.33,4.35E-14,2.1E-15,1.91E-13,9.5E-15, ,87.41146,-69.16647
11,213,"SMP92 WS39",0.12,2.1E-13,1.0E-14,3.7E-12,1.8E-13, ,86.77,-69.45892
12,214,"MG73",0.36,8.81E-15,7.4E-15,4.37E-14,2.4E-14, ,85.40254,-69.45272
13,215,"MG76",0.45,1.39E-14,6.9E-16,7.6E-14,3.8E-15, ,85.601,-69.88475
14,267,"MG68",0.19,2.28E-14,1.1E-15,7.06E-14,3.5E-15, ,84.57312,-68.97961
15,269,"SMP86",0.11,1.94E-14,9.6E-16,1.24E-13,6.2E-15, ,85.34187,-68.12894
16,270,"SMP91",0.02,2.86E-14,1.4E-15,1.98E-13,9.9E-15, ,86.27487,-68.11414
17,271,"MG75",0.41,8.15E-15,6.9E-15,6.14E-14,3.3E-14, ,85.56421,-68.81547
18,272,"MG77",0.3,9.05E-15,7.6E-15,4.17E-14,2.2E-14, ,85.94829,-68.64308
19,273,"MG78",0.32,2.48E-15,2.4E-16,1.61E-14,1.3E-14, ,86.60587,-67.83411
20,316,"Sa124",0.41,7.65E-15,6.5E-15,8.72E-14,4.3E-15, ,85.18579,-67.30214
21,317,"SMP83 WS35",0.01,1.7E-13,8.5E-15,1.85E-12,9.2E-14, ,84.08671,-67.30208
22,318,"SMP85",0.06,2.16E-13,1.0E-14,9.21E-13,4.6E-14,a,85.12832,-66.29373
23,346,"MG72",0.33,6.07E-15,5.1E-15,4.93E-14,2.7E-14,a,85.08392,-67.03383
24,350,"MG69",0.39,5.98E-15,5.0E-15,5.6E-14,3.0E-14, ,84.81396,-66.82878
25,356,"MG71",0.35,1.0E-14,5.0E-16,7.13E-14,3.5E-15, ,84.97825,-66.57017
26,398,"SMP55",0.41,6.36E-13,6.8E-15,1.4E-12,1.4E-14, ,80.67073,-71.31855
27,399,"SMP59",0.23,6.96E-14,3.4E-15,2.22E-13,1.1E-14,a,81.11396,-70.37325
28,400,"SMP60",0.18,6.89E-14,9.5E-16,4.62E-13,9.9E-15, ,81.06537,-70.89897
29,401,"SMP62 WS25",0.36,4.95E-13,1.8E-14,2.64E-12,2.4E-13, ,81.22948,-71.54896
30,402,"SMP65",0.65,3.19E-14,1.5E-15,2.59E-13,1.2E-14,a,81.93242,-71.43236
31,403,"SMP68",0.02,1.3E-13,6.5E-15,4.49E-13,2.2E-14, ,82.26187,-70.32356
32,404,"SMP71",0.31,1.48E-13,7.3E-15,1.38E-12,6.8E-14, ,82.63824,-70.74374
33,405,"SMP72",0.16,1.23E-14,6.1E-16,1.21E-13,6.0E-15, ,82.69112,-70.83789
34,406,"SMP73",0.32,3.72E-13,1.8E-14,5.52E-12,2.7E-13, ,82.84122,-70.6793
35,407,"SMP80 WS24",0.16,7.16E-14,3.5E-15,3.44E-13,1.7E-14, ,83.66229,-70.33208
36,408,"Sa120",0.51,9.81E-15,8.3E-15,9.32E-14,4.6E-15, ,82.38625,-70.29417
37,409,"Sa121",0.29,1.4E-14,6.9E-16,1.16E-13,5.7E-15, ,82.60946,-71.23
38,410,"Sa123 LM2-36",0.11,1.56E-13,7.8E-15,7.22E-13,3.6E-14, ,83.62571,-70.47625
39,411,"MG51",0.32,9.79E-15,8.3E-15,7.34E-14,3.6E-15, ,82.14337,-70.55044
40,412,"Mo24",0.41,3.14E-14,5.7E-15,3.12E-13,3.2E-15, ,80.72167,-71.09464
41,413,"Mo28",0.44,5.53E-15,4.7E-15,6.42E-14,3.2E-15, ,82.32679,-70.39714
42,414,"Mo33",0.51,1.66E-14,8.3E-16,9.94E-14,4.9E-15, ,83.03867,-70.41153
43,539,"MG43",0.37,2.96E-14,1.4E-15,1.16E-13,5.8E-15, ,81.14287,-71.22767
44,642,"SMP56",0.33,1.07E-13,5.3E-15,4.28E-13,2.1E-14, ,80.87958,-69.06797
45,643,"SMP57",0.45,2.67E-14,1.3E-15,2.42E-13,1.2E-14, ,80.95225,-69.20569
46,644,"SMP58 WS23",0.08,2.97E-13,1.4E-14,1.93E-12,9.6E-14, ,81.08652,-70.08376
47,646,"SMP77",0.33,1.58E-13,7.9E-15,6.34E-13,3.1E-14,a,83.52587,-69.43847
48,647,"SMP78 WS33",0.41,3.17E-13,1.5E-14,3.36E-12,1.6E-13, ,83.58827,-68.97369
49,648,"SMP82",0.46,3.77E-14,1.8E-15,3.33E-13,1.6E-14, ,83.98983,-69.97139
50,649,"Sa117",0.45,1.98E-14,9.8E-16,1.28E-13,6.3E-15, ,81.23642,-69.25867
51,650,"Sa122",0.38,2.29E-14,1.1E-15,1.22E-13,6.1E-15, ,83.60133,-69.57444
52,651,"Sa116 LM2-24",0.32,2.97E-14,1.4E-15,2.19E-13,1.1E-14, ,81.15242,-69.09753
53,652,"Sa118",0.35,1.18E-14,5.9E-16,9.97E-14,4.9E-15, ,81.53967,-69.01625
54,654,"MG49",0.27,2.93E-14,1.4E-15,1.03E-13,5.1E-15, ,81.88387,-69.53856
55,655,"MG52",0.6,5.33E-15,4.5E-15,5.88E-14,3.2E-14, ,82.28658,-69.75778
56,656,"MG53",0.36,1.9E-14,9.5E-16,1.43E-13,7.1E-15, ,82.39862,-69.76811
57,657,"MG56",0.52,2.55E-15,2.5E-16,7.66E-15,6.5E-15, ,82.9375,-69.71867
58,658,"MG60",0.33,1.21E-14,6.0E-16,8.07E-14,4.0E-15, ,83.37875,-69.13703
59,659,"MG65",0.37,3.04E-14,1.5E-15,1.04E-13,5.2E-15, ,83.79292,-69.66081
60,660,"Mo23",0.05,1.16E-14,5.7E-16,3.68E-14,3.1E-14, ,80.468,-69.72167
61,661,"Mo27",0.2,1.05E-14,5.2E-16,4.67E-14,2.5E-14, ,82.31887,-69.62164
62,662,"Mo30",0.42,1.22E-14,6.1E-16,6.02E-14,3.3E-14, ,82.89708,-69.39622
63,663,"Mo34",0.52,3.75E-14,1.8E-15,1.69E-13,8.4E-15, ,83.80754,-70.022
64,664,"Mo32",0.46,1.62E-14,8.1E-16,9.82E-14,4.9E-15, ,83.02175,-69.95761
65,668,"Mo26",0.48,7.82E-15,6.6E-15,7.02E-14,3.5E-15, ,82.00587,-70.2255
66,890,"SMP63 WS26",0.4,3.24E-13,1.6E-14,3.9E-12,1.9E-13, ,81.35842,-68.93166
67,891,"SMP75 WS31",0.39,2.62E-13,1.3E-14,2.91E-12,1.4E-13, ,83.4458,-68.61227
68,892,"SMP76 WS32",0.38,3.55E-13,1.7E-14,1.85E-12,9.2E-14, ,83.48374,-67.88589
69,893,"MG40",0.31,2.92E-14,1.4E-15,2.18E-13,1.0E-14, ,80.64692,-68.40703
70,894,"MG54",0.32,9.75E-15,8.2E-15,8.42E-14,4.2E-15, ,82.46421,-68.83489
71,895,"MG62",0.31,2.81E-15,2.8E-16,1.06E-14,9.0E-15, ,83.65221,-69.30775
72,1047,"SMP66",0.01,2.89E-13,1.4E-14,2.19E-12,1.1E-13,a,82.17146,-67.56086
73,1048,"SMP67",0.14,1.61E-13,8.0E-15,5.15E-13,2.5E-14, ,82.31521,-67.5465
74,1049,"SMP69",0.29,4.24E-14,2.1E-15,3.44E-13,1.7E-14, ,82.32287,-67.225
75,1050,"MG42",0.29,1.78E-15,1.7E-16,9.33E-15,7.9E-15, ,81.25925,-67.39897
76,1051,"MG50",0.27,2.31E-14,1.1E-15,8.66E-14,4.3E-15, ,82.28596,-66.71564
77,1052,"MG58",0.35,1.27E-14,6.3E-16,7.15E-14,3.5E-15, ,83.157,-67.14197
78,1053,"MG64",0.46,3.66E-15,3.6E-16,3.2E-14,2.7E-14, ,83.80321,-67.63278
79,1114,"SMP32 WS10",0.29,5.83E-13,3.4E-14,4.16E-12,4.5E-13, ,77.405,-70.81903
80,1115,"SMP41",0.28,1.61E-13,8.0E-15,2.39E-12,1.2E-13, ,78.36387,-70.55964
81,1116,"SMP49",0.29,7.22E-14,2.2E-15,5.25E-13,2.9E-14, ,80.03891,-70.42726
82,1117,"MG30",0.26,9.15E-14,3.0E-15,3.36E-13,1.6E-14, ,78.56121,-70.84208
83,1118,"Mo20",0.16,3.88E-14,9.9E-16,1.49E-13,5.7E-15, ,77.79533,-71.174
84,1212,"SMP38 WS15",0.22,2.06E-13,1.0E-14,3.03E-12,1.5E-13, ,77.84872,-70.0326
85,1213,"SMP43",0.46,9.53E-14,4.7E-15,1.2E-12,6.0E-14, ,79.26196,-69.12122
86,1214,"SMP47 WS18",0.55,2.57E-13,1.2E-14,2.77E-12,1.3E-13, ,79.97771,-69.51808
87,1215,"SMP48 WS19",0.5,2.41E-13,1.2E-14,1.88E-12,9.4E-14, ,80.04025,-69.89414
88,1216,"SMP51",0.44,6.08E-14,3.0E-15,9.21E-13,4.6E-14, ,80.21849,-70.15986
89,1217,"J-5",0.59,3.99E-14,2.0E-15,2.28E-13,1.1E-14, ,77.94979,-69.39506
90,1218,"J-04",0.27,6.59E-15,5.6E-15,3.52E-14,2.9E-14, ,77.93596,-68.99922
91,1219,"J-7",0.57,1.49E-16,1.4E-17,9.83E-16,8.3E-16, ,77.98071,-69.12578
92,1220,"J-12",0.54,7.53E-15,6.4E-15,3.96E-14,3.3E-14, ,78.269,-69.22403
93,1221,"J-14",0.62,3.46E-15,3.4E-16,5.19E-14,2.8E-14, ,78.78625,-69.35025
94,1222,"J-15",0.85,3.5E-15,3.5E-16,3.69E-14,3.1E-14, ,78.85354,-69.47864
95,1223,"J-16",0.64,3.4E-15,3.4E-16,3.64E-14,3.0E-14, ,78.97783,-69.50992
96,1224,"J-17",0.7,3.43E-14,1.7E-15,6.98E-14,3.4E-15, ,79.25275,-69.32514
97,1225,"J-18",0.57,1.98E-15,1.9E-16,2.91E-14,2.4E-14, ,79.34971,-69.65367
98,1227,"J-20",0.33,1.94E-14,9.6E-16,1.12E-13,5.6E-15, ,79.69075,-69.16986
99,1228,"J-21",0.43,7.7E-15,6.5E-15,3.36E-14,2.8E-14, ,79.732,-69.55056
100,1229,"J-22",0.39,8.64E-15,7.3E-15,4.92E-14,2.7E-14, ,79.77925,-69.69833
101,1230,"J-23",0.32,7.68E-14,3.8E-15,3.23E-13,1.6E-14, ,79.81283,-69.58128
102,1231,"J-24",0.53,9.13E-15,7.7E-15,4.71E-14,2.5E-14, ,79.89242,-69.74969
103,1232,"J-26",0.32,1.19E-14,5.9E-16,1.19E-13,5.9E-15, ,80.00425,-69.4325
104,1234,"J-32",0.57,5.38E-15,4.5E-15,6.12E-14,3.3E-14, ,80.28183,-69.74114
105,1235,"J-33",0.06,2.59E-14,1.2E-15,1.95E-13,9.74E-15, ,80.32312,-69.71694
106,1236,"MG28",0.32,1.07E-14,5.3E-16,7.48E-14,3.74E-15, ,78.29058,-69.52167
107,1237,"Mo19",0.26,1.44E-14,7.2E-16,1.75E-13,8.77E-15, ,77.75192,-70.08467
108,1395,"SMP28",0.39,3.15E-14,1.5E-15,2.06E-13,1.0E-14, ,76.99046,-68.86283
109,1396,"SMP29 WS9",0.34,1.59E-13,7.9E-15,1.67E-12,8.3E-14, ,77.01385,-68.67127
110,1398,"SMP33 WS11",0.47,1.24E-13,6.2E-15,1.74E-12,8.7E-14, ,77.53921,-68.4985
111,1399,"SMP34",0.36,1.05E-13,5.2E-15,6.58E-13,3.2E-14, ,77.57108,-68.80623
112,1400,"SMP36 WS13",0.26,5.73E-14,2.8E-15,8.88E-13,4.4E-14, ,77.66539,-68.60138
113,1401,"SMP37 WS14",0.37,8.72E-14,4.3E-15,1.44E-12,7.1E-14, ,77.76221,-67.79972
114,1402,"SMP39",0.48,5.35E-14,2.6E-15,6.92E-13,3.4E-14, ,77.92496,-68.58328
115,1403,"SMP42",0.0,6.46E-14,3.2E-15,8.25E-13,4.1E-14, ,78.94504,-68.70658
116,1404,"SMP46",0.51,3.43E-14,1.7E-15,4.55E-13,2.2E-14, ,79.87375,-68.85219
117,1405,"SMP52 WS21",0.22,3.27E-13,1.6E-14,4.59E-12,2.2E-13, ,80.34984,-68.59272
118,1406,"SMP54 J-35",0.36,3.85E-14,1.9E-15,3.32E-13,1.6E-14, ,80.42887,-68.65689
119,1407,"Sa110",0.28,1.46E-14,7.3E-16,2.15E-13,1.0E-14, ,78.06967,-68.48614
120,1408,"J-10",0.49,2.33E-15,2.3E-16,2.52E-14,2.1E-14, ,78.24954,-68.95214
121,1409,"MG19",0.37,1.1E-14,5.4E-16,8.75E-14,4.3E-15, ,77.13279,-68.16239
122,1410,"MG20",0.33,1.0E-14,5.0E-16,7.9E-14,3.9E-15, ,77.66767,-68.17319
123,1411,"MG23",0.46,2.24E-15,2.2E-16,2.07E-14,1.7E-14, ,77.94746,-68.26931
124,1412,"MG29",0.38,3.33E-14,1.6E-15,3.94E-13,1.9E-14, ,78.42646,-68.25456
125,1413,"MG31",0.4,9.48E-15,8.0E-15,8.81E-14,4.4E-15, ,79.12204,-68.30314
126,1552,"SMP30",0.44,3.11E-14,1.5E-15,2.35E-13,1.1E-14, ,77.29408,-66.89394
127,1553,"SMP44",0.33,3.91E-14,1.9E-15,3.4E-13,1.7E-14, ,79.62475,-67.28217
128,1554,"SMP45 WS17",0.53,8.25E-14,4.1E-15,1.17E-12,5.8E-14, ,79.83637,-66.96875
129,1555,"SMP50 WS20",0.39,1.68E-13,8.4E-15,1.38E-12,6.9E-14, ,80.21554,-67.09514
130,1556,"SMP53 WS22",0.25,5.96E-13,2.9E-14,3.3E-12,1.6E-13, ,80.38679,-67.00127
131,1557,"MG34",0.33,8.05E-15,6.8E-15,2.05E-14,1.7E-14, ,79.87029,-67.24069
132,1558,"MG35",0.45,1.72E-14,8.6E-16,4.2E-14,2.3E-14, ,79.88879,-66.92708
133,1602,"SMP13 WS4",0.33,1.57E-13,7.8E-15,1.64E-12,8.2E-14, ,74.99996,-70.46147
134,1603,"SMP14 WS2",0.35,1.85E-14,9.2E-16,1.29E-13,6.4E-15, ,75.08675,-70.98081
135,1604,"SMP15 WS5",0.41,1.66E-13,8.2E-15,2.28E-12,1.1E-13, ,75.21963,-70.22808
136,1605,"SMP19 WS6",0.33,3.36E-13,1.6E-14,1.5E-12,7.5E-14, ,75.92162,-70.2315
137,1606,"MG4",0.19,7.03E-15,5.9E-15,5.65E-14,3.1E-14,a,73.1885,-70.29697
138,1607,"Mo9",0.51,9.97E-15,8.4E-15,3.05E-14,2.5E-14, ,73.04662,-70.21244
139,1608,"Mo11",0.3,7.05E-15,5.9E-15,5.56E-14,3.0E-14, ,74.51346,-70.41911
140,1609,"Mo14",0.24,5.96E-15,5.0E-15,3.81E-14,3.2E-14, ,75.40208,-70.44219
141,1677,"SMP16",0.43,4.3E-14,2.1E-15,4.19E-13,2.0E-14, ,75.50825,-69.81489
142,1678,"SMP17",0.04,8.63E-15,7.3E-15,5.69E-14,3.1E-14, ,75.71783,-69.34817
143,1679,"SMP18",0.31,5.27E-14,2.6E-15,4.37E-13,2.1E-14, ,75.92771,-70.113
144,1680,"SMP20",0.35,4.06E-14,2.0E-15,3.95E-13,1.9E-14, ,76.16862,-69.36086
145,1681,"SMP22",0.42,1.61E-14,8.0E-16,1.75E-13,8.7E-15, ,76.46133,-69.04197
146,1682,"SMP24",0.02,1.15E-14,5.7E-16,1.54E-13,7.6E-15, ,76.57612,-68.99192
147,1683,"SMP25",0.31,4.03E-13,2.0E-14,3.47E-12,1.7E-13, ,76.5995,-69.05539
148,1684,"Sa105",0.52,9.41E-15,8.0E-15,9.91E-14,4.9E-15, ,75.63708,-69.43756
149,1685,"Sa107",0.45,1.61E-14,8.0E-16,1.51E-13,7.5E-15, ,76.68212,-69.2605
150,1686,"MG14",0.28,3.12E-14,1.5E-15,3.17E-13,1.5E-14, ,76.11542,-68.96983
151,1687,"Mo12",0.41,5.92E-15,5.0E-15,4.75E-14,2.6E-14, ,74.65417,-69.59625
152,1688,"Mo13",0.26,5.41E-15,4.5E-15,3.42E-14,2.9E-14, ,74.78779,-69.84189
153,1689,"Mo16",0.14,4.9E-15,4.9E-16,4.15E-14,2.2E-14, ,76.56221,-69.80686
154,1797,"SMP21 WS7",0.46,1.68E-13,8.4E-15,1.95E-12,9.7E-14, ,76.21646,-68.65272
155,1798,"SMP23 WS8",0.11,2.14E-13,1.0E-14,1.67E-12,8.3E-14, ,76.53936,-67.75772
156,1799,"Sa106",0.33,1.66E-14,8.3E-16,1.38E-13,6.8E-15, ,75.77396,-68.56028
157,1800,"MG8",0.38,1.52E-14,7.6E-16,1.24E-13,6.2E-15, ,73.91579,-68.57231
158,1801,"MG10",0.43,1.25E-14,6.2E-16,1.34E-13,6.7E-15, ,74.15746,-67.68183
159,1802,"MG15",0.34,4.46E-15,4.4E-16,1.78E-14,1.5E-14, ,76.39879,-68.02781
160,1894,"SMP27",0.26,1.72E-14,8.6E-16,2.24E-13,1.1E-14,a,76.97892,-66.96258
161,1895,"MG9",0.39,9.07E-15,7.7E-15,7.32E-14,3.6E-15, ,74.08787,-67.40625
162,1896,"MG11",0.41,1.23E-14,6.1E-16,5.88E-14,3.2E-14, ,74.82642,-67.45108
163,1897,"MG12",0.41,9.59E-15,8.1E-15,4.42E-14,2.4E-14, ,75.41779,-66.77933
164,1898,"Mo17",0.28,5.89E-15,5.0E-15,3.97E-14,3.3E-14, ,76.85633,-67.48042
