Name,OtherName,RAJ2000,DEJ2000,RA1,DE1
"SMP001","N182",69.64491666666666,-70.61202777777777,69.74824999999998,-70.70863888888888
"SMP002"," ",70.23612499999999,-67.80044444444444,70.23904166666665,-67.8946111111111
"SMP003","N001",70.60037499999999,-66.21716666666666,70.55683333333333,-66.30977777777777
"SMP004"," ",70.84137499999999,-71.50227777777776,70.98929166666666,-71.59333333333332
"SMP005","S1",72.03612499999998,-67.43508333333332,72.03420833333332,-67.52099999999999
"SMP006","N184",71.91337499999999,-72.47213888888888,72.11337499999999,-72.55813888888888
"SMP007","N077F",72.12366666666665,-69.13683333333333,72.17991666666666,-69.22219444444444
"SMP008","N078",72.55499999999999,-69.5657222222222,72.62899999999999,-69.64905555555555
"SMP009"," ",72.60274999999999,-68.2211111111111,72.62849999999999,-68.30433333333332
"SMP010"," ",72.78729166666666,-68.81816666666666,72.83449999999999,-68.9004722222222
"SMP011"," ",72.90787499999999,-67.0878611111111,72.89808333333332,-67.16975
"SMP012"," ",73.00616666666666,-68.65469444444443,73.04833333333332,-68.73599999999999
"SMP013","WS04",75.00062499999999,-70.46124999999999,75.11949999999999,-70.53305555555555
"SMP014","LM2-04",75.08675,-70.98080555555555,75.22845833333332,-71.05213888888888
"SMP015","N186A",75.21970833333333,-70.22772222222221,75.32958333333332,-70.29852777777776
"SMP016","LM1-11",75.50824999999999,-69.81488888888887,75.602375,-69.8843611111111
"SMP017","N096",75.71816666666666,-69.34813888888888,75.79479166666665,-69.41666666666666
"SMP018","L95",75.92770833333333,-70.11299999999999,76.03516666666665,-70.1804722222222
"SMP019","N188",75.92187499999999,-70.23138888888887,76.03420833333332,-70.29886111111111
"SMP020"," ",76.16708333333332,-69.36099999999999,76.24558333333333,-69.42738888888888
"SMP021","N097",76.21724999999999,-68.65238888888888,76.26970833333333,-68.71863888888888
"SMP022"," ",76.46133333333333,-69.04197222222221,76.52870833333333,-69.10702777777777
"SMP023","N024",76.53920833333332,-67.75713888888887,76.56174999999999,-67.82191666666665
"SMP024"," ",76.57612499999999,-68.99191666666665,76.64195833333332,-69.05641666666666
"SMP025","L124",76.59958333333333,-69.0553611111111,76.66783333333332,-69.11975
"SMP027"," ",76.97891666666666,-66.96258333333333,76.97712499999999,-67.0253611111111
"SMP028"," ",76.99045833333332,-68.86283333333333,77.05270833333333,-68.92538888888888
"SMP029","N102",77.01470833333332,-68.67119444444444,77.07004166666665,-68.73363888888888
"SMP030","LM2-08",77.29408333333332,-66.89394444444443,77.29095833333332,-66.95519444444443
"SMP031","N025",77.33399999999999,-67.79008333333333,77.35970833333332,-67.8511111111111
"SMP032","N192",77.40512499999998,-70.81891666666665,77.547125,-70.87930555555555
"SMP033","N104A",77.53949999999999,-68.49833333333332,77.59008333333333,-68.55830555555555
"SMP034","N106",77.57149999999999,-68.80624999999999,77.63324999999999,-68.86605555555555
"SMP035","WS12",77.70820833333332,-65.49177777777777,77.66504166666665,-65.55119444444443
"SMP036","N107",77.66533333333332,-68.6011111111111,77.71991666666666,-68.66047222222221
"SMP037","N028",77.76204166666666,-67.79966666666665,77.78912499999998,-67.85866666666665
"SMP038","N110",77.84908333333333,-70.0323611111111,77.95891666666665,-70.09072222222221
"SMP039","?LM2-11",77.92558333333332,-68.58324999999999,77.98016666666666,-68.64138888888888
"SMP040","WS16",78.06566666666666,-66.38224999999998,78.04883333333332,-66.43988888888887
"SMP041","LM1-26",78.363875,-70.55963888888888,78.49725,-70.6155
"SMP042"," ",78.94504166666665,-68.70658333333333,79.00654166666665,-68.7598611111111
"SMP043"," ",79.26195833333333,-69.12122222222222,79.33954166666666,-69.17294444444444
"SMP044","LM2-16",79.62474999999999,-67.28216666666665,79.63908333333332,-67.33230555555555
"SMP045","WS17",79.83637499999999,-66.96874999999999,79.84112499999999,-67.01788888888888
"SMP046"," ",79.87374999999999,-68.85219444444444,79.94262499999999,-68.901
"SMP047","N122",79.97795833333332,-69.51791666666665,80.072375,-69.56616666666666
"SMP048","N123",80.04024999999999,-69.89413888888888,80.14983333333332,-69.94205555555554
"SMP049","N196",80.03899999999999,-70.42724999999999,80.17079166666666,-70.4751111111111
"SMP050","N039",80.21554166666665,-67.09513888888888,80.225,-67.14247222222221
"SMP051","N125",80.21895833333332,-70.15972222222221,80.33987499999999,-70.20674999999999
"SMP052","N124",80.34929166666666,-68.59288888888888,80.40970833333333,-68.63944444444444
"SMP053","N042",80.38704166666666,-67.0011111111111,80.393875,-67.0476111111111
"SMP054","J35",80.42887499999999,-68.65688888888889,80.49174999999998,-68.70305555555555
"SMP055","N199",80.67066666666666,-71.31852777777777,80.84383333333332,-71.36325
"SMP056","N136",80.87983333333332,-69.06788888888887,80.95875,-69.1118611111111
"SMP057"," ",80.95258333333332,-69.20599999999999,81.03691666666666,-69.24958333333332
"SMP058","N013",81.08691666666665,-70.08347222222221,81.20645833333332,-70.12633333333332
"SMP059","LM2-25",81.11395833333333,-70.37324999999998,81.24574999999999,-70.41594444444443
"SMP060"," ",81.06537499999999,-70.89897222222221,81.22012499999998,-70.94188888888888
"SMP061","N203",81.15008333333333,-73.6776111111111,81.45054166666665,-73.71974999999999
"SMP062","N201",81.22933333333332,-71.54872222222221,81.41462499999999,-71.59074999999999
"SMP063","N141",81.35908333333332,-68.9316111111111,81.43383333333333,-68.97327777777777
"SMP064","N145",81.89916666666666,-69.14897222222221,81.98304166666665,-69.18802777777776
"SMP065"," ",81.93262499999999,-71.43222222222221,82.11370833333332,-71.47088888888888
"SMP066","N052",82.17145833333332,-67.5608611111111,82.19937499999999,-67.59872222222221
"SMP067","N053",82.31529166666665,-67.54630555555555,82.34295833333333,-67.58349999999999
"SMP068"," ",82.26187499999999,-70.32355555555554,82.39366666666666,-70.36075
"SMP069","N054",82.34683333333332,-67.22274999999999,82.36395833333331,-67.25980555555554
"SMP070","LM2-28",82.36099999999999,-72.64516666666665,82.60462499999998,-72.6816111111111
"SMP071","N207",82.63874999999999,-70.74377777777777,82.78945833333333,-70.7791111111111
"SMP072"," ",82.69095833333333,-70.83772222222221,82.84595833333333,-70.87280555555554
"SMP073","N208",82.84154166666666,-70.67913888888889,82.98970833333333,-70.7135
"SMP074","N209",83.37433333333333,-71.87455555555555,83.57954166666666,-71.90619444444444
"SMP075","N151",83.44583333333333,-68.61227777777776,83.51208333333332,-68.64391666666666
"SMP076","N060",83.48404166666666,-67.88563888888888,83.52470833333332,-67.91716666666666
"SMP077","N152",83.52616666666665,-69.43825,83.62370833333333,-69.46941666666666
"SMP078","N153",83.588625,-68.97358333333332,83.66837499999998,-69.0045
"SMP079","N210",83.53637499999999,-74.33513888888888,83.883625,-74.36566666666666
"SMP080"," ",83.66229166666666,-70.33208333333333,83.79658333333332,-70.3625
"SMP081","N211",83.83729166666666,-73.92488888888887,84.15849999999999,-73.95402777777777
"SMP082","LM2-38",83.99008333333332,-69.97127777777777,84.10966666666666,-70.00016666666666
"SMP083","N066",84.08670833333332,-67.30208333333333,84.10866666666665,-67.3307222222222
"SMP084","N212",84.22091666666665,-71.89388888888888,84.42833333333333,-71.92144444444443
"SMP085","N069",85.12879166666666,-66.2936111111111,85.12029166666666,-66.31727777777778
"SMP086","LM2-41",85.34187499999999,-68.12894444444443,85.39295833333333,-68.15147222222221
"SMP087","N215",85.28349999999999,-72.70216666666666,85.53466666666665,-72.72447222222222
"SMP088","LM2-42",85.63879166666665,-70.49,85.78220833333332,-70.51083333333332
"SMP089","N178",85.65416666666665,-70.15863888888887,85.78341666666665,-70.17944444444443
"SMP090","LM2-43",86.14483333333332,-70.3611111111111,86.28312499999998,-70.37952777777777
"SMP091","LM1-57",86.274875,-68.11413888888887,86.32616666666665,-68.13213888888887
"SMP092","N170",86.7695,-69.45925,86.87108333333332,-69.47472222222221
"SMP093","N181",87.41145833333331,-69.16647222222221,87.50199999999998,-69.1788611111111
"SMP094","LM2-44",88.54470833333332,-73.0465,88.81737499999998,-73.05294444444444
"SMP095"," ",90.43891666666666,-67.9351111111111,90.48508333333332,-67.93288888888888
"SMP096"," ",91.52270833333333,-71.07055555555554,91.69341666666665,-71.06275
"SMP097","WS40",92.60612499999999,-67.939,92.65154166666666,-67.92625
"SMP098","WS41",94.39833333333333,-73.20947222222222,94.67691666666666,-73.18747222222221
"SMP099","N221",94.741875,-71.59724999999999,94.93449999999999,-71.57377777777776
"SMP100","LM1-65",95.73124999999999,-72.12791666666665,95.94887499999999,-72.0996111111111
"SMP101"," ",95.91804166666665,-69.17716666666665,96.00495833333332,-69.14827777777776
"SMP102"," ",97.38741666666665,-68.05905555555555,97.43154166666665,-68.02316666666665
"Sa104","LM1-01",66.15645833333332,-69.70575,66.20666666666666,-69.81822222222222
"Sa105"," ",75.63708333333332,-69.43755555555555,75.71691666666666,-69.50644444444444
"Sa106"," ",75.77395833333333,-68.56027777777777,75.82183333333332,-68.6286111111111
"Sa107","LM2-06",76.68212499999998,-69.2605,76.75833333333333,-69.32449999999999
"Sa109","J05",77.95049999999999,-69.39530555555555,78.03533333333333,-69.45325
"Sa110"," ",78.06966666666665,-68.48613888888887,78.12116666666665,-68.54358333333333
"Sa117"," ",81.23641666666666,-69.25866666666666,81.32329166666665,-69.30091666666665
"Sa120"," ",82.38624999999999,-70.29416666666665,82.51699999999998,-70.33075
"Sa121"," ",82.60945833333332,-71.22999999999999,82.78229166666665,-71.26541666666665
"Sa122"," ",83.60133333333332,-69.57444444444444,83.70437499999998,-69.60524999999998
"Sa123"," ",83.62570833333332,-70.47625,83.76620833333332,-70.50683333333332
"Sa124"," ",85.18579166666666,-67.30213888888888,85.20883333333332,-67.32547222222222
"Sa126"," ",88.31087499999998,-70.41722222222221,88.45275,-70.42511111111111
"Sa104a"," ",66.38291666666666,-66.78833333333333,66.33874999999999,-66.89999999999999
"J04"," ",77.93595833333332,-68.99922222222222,78.00574999999999,-69.05725
"J07"," ",77.98287499999999,-69.1252222222222,78.05749999999999,-69.18302777777777
"J10"," ",78.24954166666666,-68.95213888888888,78.31837499999999,-69.00869444444443
"J12"," ",78.26899999999999,-69.22369444444443,78.34804166666666,-69.28013888888889
"J14"," ",78.78625,-69.35024999999999,78.87141666666666,-69.40422222222222
"J15","Sa111",78.85354166666666,-69.47863888888888,78.94387499999999,-69.53227777777776
"J16"," ",78.97783333333332,-69.50991666666665,79.06966666666665,-69.56294444444444
"J17"," ",79.25299999999999,-69.32475,79.33829166666665,-69.37647222222222
"J18"," ",79.34970833333333,-69.65366666666665,79.44808333333333,-69.70491666666666
"J19"," ",79.49529166666666,-69.65638888888888,79.59412499999999,-69.70694444444443
"J20","Sa112",79.69075,-69.1698611111111,79.77112499999998,-69.21952777777777
"J21"," ",79.73208333333332,-69.55058333333332,79.82720833333332,-69.6
"J22"," ",79.77924999999999,-69.69833333333332,79.88033333333333,-69.74752777777776
"J23"," ",79.81283333333332,-69.58127777777777,79.90937499999998,-69.63030555555555
"J24"," ",79.89241666666666,-69.74969444444443,79.99583333333332,-69.79833333333332
"J26","Sa113",80.00424999999998,-69.43249999999999,80.09541666666665,-69.48063888888888
"J31","Sa114",80.23716666666665,-70.08624999999999,80.35504166666665,-70.13322222222222
"J32"," ",80.28183333333332,-69.74113888888888,80.38574999999999,-69.78791666666666
"J33","Sa115",80.32312499999999,-69.71694444444444,80.42616666666666,-69.76352777777777
"J38","Sa116",81.15241666666665,-69.09752777777777,81.23299999999999,-69.14016666666666
"J41","Sa118",81.53966666666666,-69.01624999999999,81.61787499999998,-69.05705555555555
"MG01"," ",71.84516666666666,-67.68855555555555,71.850625,-67.77530555555555
"MG02"," ",72.03854166666666,-68.56083333333332,72.07387499999999,-68.64663888888887
"MG03"," ",72.73633333333332,-66.33125,72.70341666666666,-66.41397222222221
"MG04"," ",73.18849999999999,-70.29697222222221,73.29391666666666,-70.37727777777776
"MG05"," ",73.37358333333333,-68.38119444444443,73.40749999999998,-68.46080555555555
"MG06"," ",73.553625,-72.77330555555555,73.77674999999999,-72.85163888888889
"MG07"," ",73.54062499999999,-74.99741666666665,73.89991666666666,-75.07547222222222
"MG08"," ",73.91579166666665,-68.57230555555554,73.95820833333332,-68.64938888888888
"MG09"," ",74.08787499999998,-67.40624999999999,74.09187499999999,-67.48258333333332
"MG10"," ",74.15745833333332,-67.68183333333333,74.17054166666665,-67.75783333333332
"MG11"," ",74.82641666666666,-67.45108333333333,74.83408333333333,-67.52397222222221
"MG12"," ",75.41779166666666,-66.77933333333333,75.40624999999999,-66.84949999999999
"MG13"," ",75.76366666666665,-65.38397222222221,75.71287499999998,-65.45258333333332
"MG14"," ",76.11541666666666,-68.96983333333333,76.17908333333332,-69.03649999999999
"MG15"," ",76.39879166666665,-68.02780555555555,76.43004166666665,-68.09322222222221
"MG16"," ",76.52158333333333,-64.81366666666666,76.45741666666666,-64.87872222222221
"MG17"," ",76.58833333333332,-64.61763888888888,76.51924999999999,-64.68238888888888
"MG18"," ",76.76299999999999,-65.72283333333333,76.72408333333333,-65.78669444444444
"MG19"," ",77.13349999999998,-68.16230555555555,77.17129166666666,-68.22424999999998
"MG20"," ",77.66766666666666,-68.17319444444443,77.70720833333333,-68.23258333333332
"MG21"," ",77.90812499999998,-65.71169444444443,77.87154166666666,-65.7701111111111
"MG22"," ",77.97299999999998,-65.54083333333332,77.93179166666665,-65.59897222222222
"MG23"," ",77.94745833333332,-68.26930555555555,77.99104166666666,-68.3273611111111
"MG24"," ",78.25420833333332,-65.25947222222221,78.20583333333332,-65.31630555555554
"MG25"," ",78.07429166666665,-71.91375,78.2695,-71.97083333333332
"MG26"," ",78.36666666666666,-66.29122222222222,78.34779166666665,-66.34744444444443
"MG27"," ",78.392625,-65.58699999999999,78.35354166666666,-65.64313888888888
"MG28"," ",78.29058333333332,-69.52166666666666,78.38116666666666,-69.57797222222221
"MG29"," ",78.42645833333333,-68.25455555555554,78.47066666666666,-68.31033333333332
"MG30"," ",78.56120833333333,-70.84208333333332,78.70745833333332,-70.89697222222222
"MG31"," ",79.12204166666666,-68.30313888888888,79.16954166666666,-68.3556111111111
"MG32"," ",79.76683333333332,-64.98849999999999,79.71408333333332,-65.0381111111111
"MG33"," ",79.80724999999998,-66.15869444444444,79.78737499999998,-66.20802777777777
"MG34"," ",79.87029166666666,-67.24069444444443,79.88374999999999,-67.28966666666666
"MG35"," ",79.88895833333332,-66.92699999999999,79.89254166666666,-66.97588888888887
"MG36"," ",80.12379166666666,-64.8872222222222,80.06895833333333,-64.9351111111111
"MG37"," ",80.44504166666665,-65.37408333333333,80.40395833333332,-65.42041666666665
"MG38"," ",80.51237499999999,-64.4211111111111,80.44599999999998,-64.46719444444443
"MG39","LM2-19",80.55387499999999,-69.72474999999999,80.65770833333332,-69.77022222222222
"MG40"," ",80.64691666666666,-68.40702777777777,80.70124999999999,-68.45219444444443
"MG41"," ",80.90720833333332,-65.16508333333333,80.86116666666666,-65.20922222222221
"MG42"," ",81.25754166666665,-67.39913888888888,81.27866666666665,-67.44144444444443
"MG43"," ",81.14245833333332,-71.22763888888888,81.31237499999999,-71.27013888888888
"MG44"," ",81.48195833333332,-63.73677777777777,81.39979166666666,-63.77824999999999
"MG45"," ",81.52704166666666,-63.61724999999999,81.442,-63.65849999999999
"MG46"," ",81.58533333333332,-65.36274999999999,81.54579166666666,-65.4036111111111
"MG47"," ",81.68858333333333,-64.63355555555555,81.6295,-64.67397222222222
"MG48"," ",81.74904166666666,-66.11827777777776,81.73129166666665,-66.15830555555554
"MG49"," ",81.88387499999999,-69.53855555555555,81.98279166666666,-69.57763888888888
"MG50"," ",82.28595833333333,-66.71563888888888,82.28699999999999,-66.75302777777777
"MG51"," ",82.14337499999999,-70.55044444444444,82.28474999999999,-70.58816666666665
"MG52"," ",82.28658333333333,-69.75777777777776,82.39495833333332,-69.79491666666665
"MG53"," ",82.398625,-69.7681111111111,82.50762499999999,-69.80469444444444
"MG54"," ",82.46420833333332,-68.83488888888888,82.53720833333333,-68.87124999999999
"MG55"," ",82.78779166666665,-71.61116666666666,82.97904166666666,-71.64569444444443
"MG56"," ",82.93749999999999,-69.71866666666666,83.04533333333332,-69.75266666666666
"MG57"," ",82.79654166666666,-74.38147222222221,83.14549999999998,-74.41555555555554
"MG58"," ",83.15699999999998,-67.14197222222221,83.17266666666666,-67.17513888888888
"MG59"," ",83.23333333333332,-65.27833333333332,83.19362499999998,-65.31124999999999
"MG60"," ",83.37874999999998,-69.13702777777777,83.46445833333333,-69.16894444444443
"MG61"," ",83.30462499999999,-72.6128611111111,83.54812499999998,-72.64474999999999
"MG62"," ",83.65220833333332,-68.30774999999998,83.70779166666665,-68.33841666666666
"MG63"," ",83.54254166666665,-71.72058333333332,83.74037499999999,-71.75141666666666
"MG64"," ",83.80320833333332,-67.63277777777778,83.83570833333332,-67.66277777777776
"MG65"," ",83.79291666666666,-69.66080555555554,83.89962499999999,-69.69066666666666
"MG66"," ",84.49808333333333,-65.98055555555554,84.47970833333332,-66.00730555555555
"MG67"," ",84.40841666666665,-71.6938611111111,84.60612499999999,-71.72055555555555
"MG68"," ",84.58104166666665,-68.97699999999999,84.66216666666665,-69.0031111111111
"MG69"," ",84.81449999999998,-66.82874999999999,84.82208333333332,-66.85391666666666
"MG70"," ",84.55108333333332,-75.00608333333332,84.94654166666666,-75.03158333333332
"MG71"," ",84.978625,-66.57030555555555,84.97837499999999,-66.59469444444443
"MG72"," ",85.084375,-67.03391666666666,85.09870833333332,-67.05774999999998
"MG73"," ",85.40254166666665,-69.4527222222222,85.50279166666665,-69.47483333333332
"MG74"," ",85.228625,-74.68866666666666,85.60249999999999,-74.71094444444444
"MG75"," ",85.56420833333333,-68.81547222222221,85.64020833333332,-68.8368611111111
"MG76"," ",85.60099999999998,-69.88475,85.71879166666666,-69.90583333333332
"MG77"," ",85.94829166666665,-68.64308333333332,86.01825,-68.6626111111111
"MG78"," ",86.60587499999998,-67.8341111111111,86.64774999999999,-67.85052777777777
"MG79"," ",86.49866666666665,-71.31802777777777,86.68041666666666,-71.33463888888888
"MG80"," ",87.37129166666665,-67.91502777777777,87.41633333333333,-67.92772222222222
"MG81"," ",87.75037499999999,-67.97933333333333,87.79783333333332,-67.99016666666665
"MG82"," ",88.29945833333332,-71.48249999999999,88.48995833333332,-71.49033333333333
"MG83"," ",88.66420833333332,-69.34294444444444,88.76199999999999,-69.34922222222221
"MG84"," ",88.67279166666665,-72.39216666666665,88.90941666666666,-72.39805555555554
"MG85"," ",91.04224999999998,-70.07302777777777,91.16937499999999,-70.06766666666665
"MG86"," ",91.24458333333332,-72.06472222222222,91.46374999999999,-72.05816666666665
"Mo01"," ",68.71583333333332,-68.26744444444444,68.72770833333333,-68.3685
"Mo02"," ",68.69445833333333,-69.38877777777776,68.74545833333332,-69.4898611111111
"Mo03"," ",69.06004166666666,-70.51749999999998,69.15666666666665,-70.61680555555554
"Mo04"," ",70.05125,-64.92572222222222,69.97099999999999,-65.02091666666666
"Mo05"," ",71.33295833333332,-67.57594444444443,71.33291666666666,-67.66508333333333
"Mo06"," ",71.63779166666666,-70.21288888888888,71.73358333333333,-70.30038888888888
"Mo07"," ",72.33274999999999,-64.37658333333333,72.24612499999999,-64.46130555555554
"Mo08"," ",72.60145833333333,-64.36419444444444,72.51533333333332,-64.44766666666666
"Mo09"," ",73.04745833333332,-70.21288888888888,73.14887499999999,-70.2938611111111
"Mo10"," ",73.93929166666666,-65.80963888888888,73.89524999999999,-65.88677777777777
"Mo11"," ",74.51345833333332,-70.4191111111111,74.628875,-70.49322222222222
"Mo12"," ",74.65416666666665,-69.59624999999998,74.73691666666666,-69.66977777777777
"Mo13"," ",74.78779166666665,-69.84188888888887,74.880625,-69.91474999999998
"Mo14"," ",75.40208333333332,-70.44219444444444,75.52154166666665,-70.5121111111111
"Mo15"," ",75.64104166666665,-73.79749999999999,75.93133333333333,-73.86588888888888
"Mo16"," ",76.56220833333332,-69.8068611111111,76.65924999999999,-69.8713611111111
"Mo17"," ",76.85633333333332,-67.48041666666666,76.87066666666665,-67.54372222222221
"Mo18"," ",77.29662499999999,-67.56713888888888,77.31487499999999,-67.6283611111111
"Mo19"," ",77.75191666666666,-70.08466666666666,77.86362499999998,-70.14347222222221
"Mo20"," ",77.79512499999998,-71.17399999999999,77.95424999999999,-71.23249999999999
"Mo21"," ",79.76708333333332,-64.74391666666666,79.70779166666665,-64.79355555555554
"Mo22"," ",80.36099999999999,-62.57013888888888,80.24966666666666,-62.61702777777777
"Mo23"," ",80.46799999999999,-69.72166666666666,80.57154166666666,-69.76752777777777
"Mo24"," ",80.72166666666665,-71.09463888888888,80.88454166666665,-71.13916666666665
"Mo25"," ",81.51066666666665,-72.5173611111111,81.74566666666665,-72.55791666666666
"Mo26"," ",82.00633333333332,-70.22502777777777,82.13349999999998,-70.26344444444443
"Mo27"," ",82.319375,-69.62169444444443,82.42233333333333,-69.65869444444444
"Mo28"," ",82.32679166666665,-70.39713888888888,82.46183333333332,-70.43399999999998
"Mo29"," ",82.92875,-62.168805555555544,82.81174999999999,-62.20338888888888
"Mo30"," ",82.89708333333333,-69.3962222222222,82.99208333333333,-69.43044444444443
"Mo31"," ",83.18070833333333,-62.5443611111111,83.07241666666665,-62.57769444444443
"Mo32","?LM2-33",83.02174999999998,-69.9576111111111,83.13945833333332,-69.99119444444443
"Mo33"," ",83.03866666666666,-70.41152777777776,83.17549999999999,-70.44494444444443
"Mo34"," ",83.80754166666665,-70.02199999999999,83.92899999999999,-70.05174999999998
"Mo35"," ",84.52020833333331,-70.4905,84.6625,-70.51677777777776
"Mo36"," ",84.72316666666666,-69.96547222222222,84.84341666666666,-69.99080555555554
"Mo37"," ",84.81029166666666,-70.00516666666665,84.93229166666666,-70.03008333333332
"Mo38"," ",85.13441666666665,-68.74655555555555,85.20749999999998,-68.77002777777777
"Mo39"," ",85.67120833333333,-70.0969722222222,85.79787499999999,-70.11769444444444
"Mo40"," ",86.60537499999998,-71.38952777777777,86.79058333333332,-71.40558333333333
"Mo41"," ",88.80708333333332,-65.47299999999998,88.77654166666666,-65.47888888888887
"Mo42"," ",88.81087499999998,-66.84016666666666,88.82104166666666,-66.84594444444444
"Mo43"," ",89.69208333333331,-64.51249999999999,89.6355,-64.51413888888888
"Mo44"," ",90.43058333333332,-68.00972222222221,90.47933333333332,-68.00752777777777
"Mo45"," ",92.32137499999999,-68.73116666666665,92.39516666666665,-68.71972222222222
"Mo46"," ",92.54004166666665,-67.172,92.55999999999999,-67.15963888888888
"Mo47"," ",93.26408333333332,-65.91924999999999,93.24516666666665,-65.90347222222222
"Mo48"," ",93.42133333333332,-64.01258333333332,93.350625,-63.99616666666666
"Mo49","?LM1-64",95.26995833333332,-66.13344444444444,95.25558333333332,-66.10791666666665
"Mo50"," ",95.31245833333332,-68.96266666666666,95.39208333333332,-68.93672222222222
"Mo51"," ",96.26824999999998,-69.12691666666666,96.35274999999999,-69.09633333333332
"Mo52"," ",96.64991666666666,-69.82727777777777,96.76129166666665,-69.79477777777777
"Mo53"," ",99.57766666666666,-69.40480555555554,99.66662499999998,-69.35827777777777
"Mo54"," ",100.35258333333331,-67.02477777777777,100.35716666666666,-66.97474999999999
"SMP026","N101",76.87820833333332,-69.13527777777777,76.95024999999998,-69.19833333333332
